PopName,Area,Year,YearReg,Month,Vital,Births,Access,Note1,Note2,Note3,RefCode,LDB
PRT,1,1901,.,1,1,15178,O,.,.,.,1,1
PRT,1,1901,.,2,1,15826,O,.,.,.,1,1
PRT,1,1901,.,3,1,14132,O,.,.,.,1,1
PRT,1,1901,.,4,1,16179,O,.,.,.,1,1
PRT,1,1901,.,5,1,15070,O,.,.,.,1,1
PRT,1,1901,.,6,1,12881,O,.,.,.,1,1
PRT,1,1901,.,7,1,12047,O,.,.,.,1,1
PRT,1,1901,.,8,1,13922,O,.,.,.,1,1
PRT,1,1901,.,9,1,13226,O,.,.,.,1,1
PRT,1,1901,.,10,1,13918,O,.,.,.,1,1
PRT,1,1901,.,11,1,14591,O,.,.,.,1,1
PRT,1,1901,.,12,1,13803,O,.,.,.,1,1
PRT,1,1901,.,TOT,1,170773,O,.,.,.,1,1
PRT,1,1902,.,1,1,15244,O,.,.,.,1,1
PRT,1,1902,.,2,1,14747,O,.,.,.,1,1
PRT,1,1902,.,3,1,15963,O,.,.,.,1,1
PRT,1,1902,.,4,1,16289,O,.,.,.,1,1
PRT,1,1902,.,5,1,15020,O,.,.,.,1,1
PRT,1,1902,.,6,1,13416,O,.,.,.,1,1
PRT,1,1902,.,7,1,12025,O,.,.,.,1,1
PRT,1,1902,.,8,1,15181,O,.,.,.,1,1
PRT,1,1902,.,9,1,14342,O,.,.,.,1,1
PRT,1,1902,.,10,1,14121,O,.,.,.,1,1
PRT,1,1902,.,11,1,15277,O,.,.,.,1,1
PRT,1,1902,.,12,1,14404,O,.,.,.,1,1
PRT,1,1902,.,TOT,1,176029,O,.,.,.,1,1
PRT,1,1903,.,1,1,14996,O,.,.,.,1,1
PRT,1,1903,.,2,1,18321,O,.,.,.,1,1
PRT,1,1903,.,3,1,14023,O,.,.,.,1,1
PRT,1,1903,.,4,1,17896,O,.,.,.,1,1
PRT,1,1903,.,5,1,16574,O,.,.,.,1,1
PRT,1,1903,.,6,1,13994,O,.,.,.,1,1
PRT,1,1903,.,7,1,12763,O,.,.,.,1,1
PRT,1,1903,.,8,1,15506,O,.,.,.,1,1
PRT,1,1903,.,9,1,14377,O,.,.,.,1,1
PRT,1,1903,.,10,1,14502,O,.,.,.,1,1
PRT,1,1903,.,11,1,15578,O,.,.,.,1,1
PRT,1,1903,.,12,1,14608,O,.,.,.,1,1
PRT,1,1903,.,TOT,1,183138,O,.,.,.,1,1
PRT,1,1904,.,1,1,16394,O,.,.,.,1,1
PRT,1,1904,.,2,1,16713,O,.,.,.,1,1
PRT,1,1904,.,3,1,13341,O,.,.,.,1,1
PRT,1,1904,.,4,1,17528,O,.,.,.,1,1
PRT,1,1904,.,5,1,15401,O,.,.,.,1,1
PRT,1,1904,.,6,1,13059,O,.,.,.,1,1
PRT,1,1904,.,7,1,13567,O,.,.,.,1,1
PRT,1,1904,.,8,1,13862,O,.,.,.,1,1
PRT,1,1904,.,9,1,13537,O,.,.,.,1,1
PRT,1,1904,.,10,1,15315,O,.,.,.,1,1
PRT,1,1904,.,11,1,13948,O,.,.,.,1,1
PRT,1,1904,.,12,1,14061,O,.,.,.,1,1
PRT,1,1904,.,TOT,1,176726,O,.,.,.,1,1
PRT,1,1905,.,1,1,15876,O,.,.,.,1,1
PRT,1,1905,.,2,1,15131,O,.,.,.,1,1
PRT,1,1905,.,3,1,15735,O,.,.,.,1,1
PRT,1,1905,.,4,1,16729,O,.,.,.,1,1
PRT,1,1905,.,5,1,15060,O,.,.,.,1,1
PRT,1,1905,.,6,1,13975,O,.,.,.,1,1
PRT,1,1905,.,7,1,13746,O,.,.,.,1,1
PRT,1,1905,.,8,1,14294,O,.,.,.,1,1
PRT,1,1905,.,9,1,14081,O,.,.,.,1,1
PRT,1,1905,.,10,1,15188,O,.,.,.,1,1
PRT,1,1905,.,11,1,13797,O,.,.,.,1,1
PRT,1,1905,.,12,1,16134,O,.,.,.,1,1
PRT,1,1905,.,TOT,1,179746,O,.,.,.,1,1
PRT,1,1906,.,1,1,16377,O,.,.,.,1,1
PRT,1,1906,.,2,1,17781,O,.,.,.,1,1
PRT,1,1906,.,3,1,13309,O,.,.,.,1,1
PRT,1,1906,.,4,1,17478,O,.,.,.,1,1
PRT,1,1906,.,5,1,14580,O,.,.,.,1,1
PRT,1,1906,.,6,1,13069,O,.,.,.,1,1
PRT,1,1906,.,7,1,14691,O,.,.,.,1,1
PRT,1,1906,.,8,1,14497,O,.,.,.,1,1
PRT,1,1906,.,9,1,15866,O,.,.,.,1,1
PRT,1,1906,.,10,1,14670,O,.,.,.,1,1
PRT,1,1906,.,11,1,14331,O,.,.,.,1,1
PRT,1,1906,.,12,1,16271,O,.,.,.,1,1
PRT,1,1906,.,TOT,1,182920,O,.,.,.,1,1
PRT,1,1907,.,1,1,15285,O,.,.,.,1,1
PRT,1,1907,.,2,1,15754,O,.,.,.,1,1
PRT,1,1907,.,3,1,15130,O,.,.,.,1,1
PRT,1,1907,.,4,1,16895,O,.,.,.,1,1
PRT,1,1907,.,5,1,14063,O,.,.,.,1,1
PRT,1,1907,.,6,1,13374,O,.,.,.,1,1
PRT,1,1907,.,7,1,12495,O,.,.,.,1,1
PRT,1,1907,.,8,1,13966,O,.,.,.,1,1
PRT,1,1907,.,9,1,15133,O,.,.,.,1,1
PRT,1,1907,.,10,1,14351,O,.,.,.,1,1
PRT,1,1907,.,11,1,14034,O,.,.,.,1,1
PRT,1,1907,.,12,1,15937,O,.,.,.,1,1
PRT,1,1907,.,TOT,1,176417,O,.,.,.,1,1
PRT,1,1908,.,1,1,15158,O,.,.,.,1,1
PRT,1,1908,.,2,1,15689,O,.,.,.,1,1
PRT,1,1908,.,3,1,15846,O,.,.,.,1,1
PRT,1,1908,.,4,1,16466,O,.,.,.,1,1
PRT,1,1908,.,5,1,15543,O,.,.,.,1,1
PRT,1,1908,.,6,1,13015,O,.,.,.,1,1
PRT,1,1908,.,7,1,12356,O,.,.,.,1,1
PRT,1,1908,.,8,1,14666,O,.,.,.,1,1
PRT,1,1908,.,9,1,13506,O,.,.,.,1,1
PRT,1,1908,.,10,1,14181,O,.,.,.,1,1
PRT,1,1908,.,11,1,14569,O,.,.,.,1,1
PRT,1,1908,.,12,1,14273,O,.,.,.,1,1
PRT,1,1908,.,TOT,1,175268,O,.,.,.,1,1
PRT,1,1909,.,1,1,15584,O,.,.,.,1,1
PRT,1,1909,.,2,1,16822,O,.,.,.,1,1
PRT,1,1909,.,3,1,12558,O,.,.,.,1,1
PRT,1,1909,.,4,1,15400,O,.,.,.,1,1
PRT,1,1909,.,5,1,15338,O,.,.,.,1,1
PRT,1,1909,.,6,1,12798,O,.,.,.,1,1
PRT,1,1909,.,7,1,12308,O,.,.,.,1,1
PRT,1,1909,.,8,1,15496,O,.,.,.,1,1
PRT,1,1909,.,9,1,14597,O,.,.,.,1,1
PRT,1,1909,.,10,1,15011,O,.,.,.,1,1
PRT,1,1909,.,11,1,14385,O,.,.,.,1,1
PRT,1,1909,.,12,1,14456,O,.,.,.,1,1
PRT,1,1909,.,TOT,1,174753,O,.,.,.,1,1
PRT,1,1910,.,1,1,17335,O,.,.,.,1,1
PRT,1,1910,.,2,1,14971,O,.,.,.,1,1
PRT,1,1910,.,3,1,14968,O,.,.,.,1,1
PRT,1,1910,.,4,1,15673,O,.,.,.,1,1
PRT,1,1910,.,5,1,17154,O,.,.,.,1,1
PRT,1,1910,.,6,1,12910,O,.,.,.,1,1
PRT,1,1910,.,7,1,13306,O,.,.,.,1,1
PRT,1,1910,.,8,1,13947,O,.,.,.,1,1
PRT,1,1910,.,9,1,14440,O,.,.,.,1,1
PRT,1,1910,.,10,1,16523,O,.,.,.,1,1
PRT,1,1910,.,11,1,15645,O,.,.,.,1,1
PRT,1,1910,.,12,1,20081,O,.,.,.,1,1
PRT,1,1910,.,TOT,1,186953,O,.,.,.,1,1
PRT,1,1911,.,TOT,1,230033,O,.,.,.,1,0
PRT,1,1912,.,TOT,1,207870,O,.,.,.,1,0
PRT,1,1913,.,TOT,1,193906,O,.,.,.,1,0
PRT,1,1914,.,TOT,1,188479,O,.,.,.,1,0
PRT,1,1915,.,TOT,1,195225,O,.,.,.,1,0
PRT,1,1916,.,TOT,1,192780,O,.,.,.,1,0
PRT,1,1917,.,TOT,1,188391,O,.,.,.,1,0
PRT,1,1918,.,1,1,15695,O,.,.,.,1,1
PRT,1,1918,.,2,1,15963,O,.,.,.,1,1
PRT,1,1918,.,3,1,17790,O,.,.,.,1,1
PRT,1,1918,.,4,1,16592,O,.,.,.,1,1
PRT,1,1918,.,5,1,15494,O,.,.,.,1,1
PRT,1,1918,.,6,1,14207,O,.,.,.,1,1
PRT,1,1918,.,7,1,13912,O,.,.,.,1,1
PRT,1,1918,.,8,1,13529,O,.,.,.,1,1
PRT,1,1918,.,9,1,13779,O,.,.,.,1,1
PRT,1,1918,.,10,1,14737,O,.,.,.,1,1
PRT,1,1918,.,11,1,13509,O,.,.,.,1,1
PRT,1,1918,.,12,1,13480,O,.,.,.,1,1
PRT,1,1918,.,TOT,1,178687,O,.,.,.,1,1
PRT,1,1919,.,1,1,13494,O,.,.,.,1,1
PRT,1,1919,.,2,1,14307,O,.,.,.,1,1
PRT,1,1919,.,3,1,15957,O,.,.,.,1,1
PRT,1,1919,.,4,1,14418,O,.,.,.,1,1
PRT,1,1919,.,5,1,13109,O,.,.,.,1,1
PRT,1,1919,.,6,1,11583,O,.,.,.,1,1
PRT,1,1919,.,7,1,10763,O,.,.,.,1,1
PRT,1,1919,.,8,1,10784,O,.,.,.,1,1
PRT,1,1919,.,9,1,13375,O,.,.,.,1,1
PRT,1,1919,.,10,1,15452,O,.,.,.,1,1
PRT,1,1919,.,11,1,15869,O,.,.,.,1,1
PRT,1,1919,.,12,1,17051,O,.,.,.,1,1
PRT,1,1919,.,TOT,1,166162,O,.,.,.,1,1
PRT,1,1920,.,1,1,18424,O,.,.,.,1,1
PRT,1,1920,.,2,1,18833,O,.,.,.,1,1
PRT,1,1920,.,3,1,18882,O,.,.,.,1,1
PRT,1,1920,.,4,1,17816,O,.,.,.,1,1
PRT,1,1920,.,5,1,17344,O,.,.,.,1,1
PRT,1,1920,.,6,1,15291,O,.,.,.,1,1
PRT,1,1920,.,7,1,15175,O,.,.,.,1,1
PRT,1,1920,.,8,1,16007,O,.,.,.,1,1
PRT,1,1920,.,9,1,15775,O,.,.,.,1,1
PRT,1,1920,.,10,1,16298,O,.,.,.,1,1
PRT,1,1920,.,11,1,16451,O,.,.,.,1,1
PRT,1,1920,.,12,1,16612,O,.,.,.,1,1
PRT,1,1920,.,TOT,1,202908,O,.,.,.,1,1
PRT,1,1921,.,1,1,17897,O,.,.,.,1,1
PRT,1,1921,.,2,1,17245,O,.,.,.,1,1
PRT,1,1921,.,3,1,18361,O,.,.,.,1,1
PRT,1,1921,.,4,1,16100,O,.,.,.,1,1
PRT,1,1921,.,5,1,16260,O,.,.,.,1,1
PRT,1,1921,.,6,1,14509,O,.,.,.,1,1
PRT,1,1921,.,7,1,14711,O,.,.,.,1,1
PRT,1,1921,.,8,1,15249,O,.,.,.,1,1
PRT,1,1921,.,9,1,15603,O,.,.,.,1,1
PRT,1,1921,.,10,1,16937,O,.,.,.,1,1
PRT,1,1921,.,11,1,16575,O,.,.,.,1,1
PRT,1,1921,.,12,1,17575,O,.,.,.,1,1
PRT,1,1921,.,TOT,1,197022,O,.,.,.,1,1
PRT,1,1922,.,1,1,19148,O,.,.,.,1,1
PRT,1,1922,.,2,1,17807,O,.,.,.,1,1
PRT,1,1922,.,3,1,18265,O,.,.,.,1,1
PRT,1,1922,.,4,1,17368,O,.,.,.,1,1
PRT,1,1922,.,5,1,16509,O,.,.,.,1,1
PRT,1,1922,.,6,1,15384,O,.,.,.,1,1
PRT,1,1922,.,7,1,15541,O,.,.,.,1,1
PRT,1,1922,.,8,1,16067,O,.,.,.,1,1
PRT,1,1922,.,9,1,16191,O,.,.,.,1,1
PRT,1,1922,.,10,1,17259,O,.,.,.,1,1
PRT,1,1922,.,11,1,16218,O,.,.,.,1,1
PRT,1,1922,.,12,1,17970,O,.,.,.,1,1
PRT,1,1922,.,TOT,1,203727,O,.,.,.,1,1
PRT,1,1923,.,1,1,18297,O,.,.,.,1,1
PRT,1,1923,.,2,1,17917,O,.,.,.,1,1
PRT,1,1923,.,3,1,19267,O,.,.,.,1,1
PRT,1,1923,.,4,1,18349,O,.,.,.,1,1
PRT,1,1923,.,5,1,17882,O,.,.,.,1,1
PRT,1,1923,.,6,1,15530,O,.,.,.,1,1
PRT,1,1923,.,7,1,16354,O,.,.,.,1,1
PRT,1,1923,.,8,1,16373,O,.,.,.,1,1
PRT,1,1923,.,9,1,16542,O,.,.,.,1,1
PRT,1,1923,.,10,1,17154,O,.,.,.,1,1
PRT,1,1923,.,11,1,16209,O,.,.,.,1,1
PRT,1,1923,.,12,1,17298,O,.,.,.,1,1
PRT,1,1923,.,TOT,1,207172,O,.,.,.,1,1
PRT,1,1924,.,1,1,17762,O,.,.,.,1,1
PRT,1,1924,.,2,1,18166,O,.,.,.,1,1
PRT,1,1924,.,3,1,19859,O,.,.,.,1,1
PRT,1,1924,.,4,1,18561,O,.,.,.,1,1
PRT,1,1924,.,5,1,17784,O,.,.,.,1,1
PRT,1,1924,.,6,1,16327,O,.,.,.,1,1
PRT,1,1924,.,7,1,16219,O,.,.,.,1,1
PRT,1,1924,.,8,1,16099,O,.,.,.,1,1
PRT,1,1924,.,9,1,16436,O,.,.,.,1,1
PRT,1,1924,.,10,1,17280,O,.,.,.,1,1
PRT,1,1924,.,11,1,15993,O,.,.,.,1,1
PRT,1,1924,.,12,1,16954,O,.,.,.,1,1
PRT,1,1924,.,TOT,1,207440,O,.,.,.,1,1
PRT,1,1925,.,1,1,17696,O,.,.,.,1,1
PRT,1,1925,.,2,1,17526,O,.,.,.,1,1
PRT,1,1925,.,3,1,19307,O,.,.,.,1,1
PRT,1,1925,.,4,1,18446,O,.,.,.,1,1
PRT,1,1925,.,5,1,17738,O,.,.,.,1,1
PRT,1,1925,.,6,1,16543,O,.,.,.,1,1
PRT,1,1925,.,7,1,16604,O,.,.,.,1,1
PRT,1,1925,.,8,1,16824,O,.,.,.,1,1
PRT,1,1925,.,9,1,16744,O,.,.,.,1,1
PRT,1,1925,.,10,1,16972,O,.,.,.,1,1
PRT,1,1925,.,11,1,16874,O,.,.,.,1,1
PRT,1,1925,.,12,1,17160,O,.,.,.,1,1
PRT,1,1925,.,TOT,1,208434,O,.,.,.,1,1
PRT,1,1926,.,TOT,1,214633,O,.,.,.,1,0
PRT,1,1927,.,TOT,1,199399,O,.,.,.,1,0
PRT,1,1928,.,TOT,1,211314,O,.,.,.,1,0
PRT,1,1929,.,1,1,18220,O,.,.,.,1,1
PRT,1,1929,.,2,1,17853,O,.,.,.,1,1
PRT,1,1929,.,3,1,18935,O,.,.,.,1,1
PRT,1,1929,.,4,1,16943,O,.,.,.,1,1
PRT,1,1929,.,5,1,15774,O,.,.,.,1,1
PRT,1,1929,.,6,1,15667,O,.,.,.,1,1
PRT,1,1929,.,7,1,15296,O,.,.,.,1,1
PRT,1,1929,.,8,1,15709,O,.,.,.,1,1
PRT,1,1929,.,9,1,16232,O,.,.,.,1,1
PRT,1,1929,.,10,1,16156,O,.,.,.,1,1
PRT,1,1929,.,11,1,16221,O,.,.,.,1,1
PRT,1,1929,.,12,1,17868,O,.,.,.,1,1
PRT,1,1929,.,TOT,1,200874,O,.,.,.,1,1
PRT,1,1930,.,1,1,19372,O,.,.,.,1,1
PRT,1,1930,.,2,1,17318,O,.,.,.,1,1
PRT,1,1930,.,3,1,18691,O,.,.,.,1,1
PRT,1,1930,.,4,1,16914,O,.,.,.,1,1
PRT,1,1930,.,5,1,16225,O,.,.,.,1,1
PRT,1,1930,.,6,1,15382,O,.,.,.,1,1
PRT,1,1930,.,7,1,15686,O,.,.,.,1,1
PRT,1,1930,.,8,1,16316,O,.,.,.,1,1
PRT,1,1930,.,9,1,15815,O,.,.,.,1,1
PRT,1,1930,.,10,1,16847,O,.,.,.,1,1
PRT,1,1930,.,11,1,16394,O,.,.,.,1,1
PRT,1,1930,.,12,1,17569,O,.,.,.,1,1
PRT,1,1930,.,TOT,1,202529,O,.,.,.,1,1
PRT,1,1931,.,1,1,19255,O,.,.,.,1,1
PRT,1,1931,.,2,1,17611,O,.,.,.,1,1
PRT,1,1931,.,3,1,19508,O,.,.,.,1,1
PRT,1,1931,.,4,1,18007,O,.,.,.,1,1
PRT,1,1931,.,5,1,16824,O,.,.,.,1,1
PRT,1,1931,.,6,1,15727,O,.,.,.,1,1
PRT,1,1931,.,7,1,15872,O,.,.,.,1,1
PRT,1,1931,.,8,1,16166,O,.,.,.,1,1
PRT,1,1931,.,9,1,16309,O,.,.,.,1,1
PRT,1,1931,.,10,1,15909,O,.,.,.,1,1
PRT,1,1931,.,11,1,15963,O,.,.,.,1,1
PRT,1,1931,.,12,1,16969,O,.,.,.,1,1
PRT,1,1931,.,TOT,1,204120,O,.,.,.,1,1
PRT,1,1932,.,1,1,19608,O,.,.,.,1,1
PRT,1,1932,.,2,1,18142,O,.,.,.,1,1
PRT,1,1932,.,3,1,19727,O,.,.,.,1,1
PRT,1,1932,.,4,1,19060,O,.,.,.,1,1
PRT,1,1932,.,5,1,16008,O,.,.,.,1,1
PRT,1,1932,.,6,1,15625,O,.,.,.,1,1
PRT,1,1932,.,7,1,16692,O,.,.,.,1,1
PRT,1,1932,.,8,1,16475,O,.,.,.,1,1
PRT,1,1932,.,9,1,16340,O,.,.,.,1,1
PRT,1,1932,.,10,1,16554,O,.,.,.,1,1
PRT,1,1932,.,11,1,16649,O,.,.,.,1,1
PRT,1,1932,.,12,1,17182,O,.,.,.,1,1
PRT,1,1932,.,TOT,1,208062,O,.,.,.,1,1
PRT,1,1933,.,1,1,19039,O,.,.,.,1,1
PRT,1,1933,.,2,1,17584,O,.,.,.,1,1
PRT,1,1933,.,3,1,19598,O,.,.,.,1,1
PRT,1,1933,.,4,1,18055,O,.,.,.,1,1
PRT,1,1933,.,5,1,16840,O,.,.,.,1,1
PRT,1,1933,.,6,1,15283,O,.,.,.,1,1
PRT,1,1933,.,7,1,16216,O,.,.,.,1,1
PRT,1,1933,.,8,1,16057,O,.,.,.,1,1
PRT,1,1933,.,9,1,16001,O,.,.,.,1,1
PRT,1,1933,.,10,1,16838,O,.,.,.,1,1
PRT,1,1933,.,11,1,15934,O,.,.,.,1,1
PRT,1,1933,.,12,1,16870,O,.,.,.,1,1
PRT,1,1933,.,TOT,1,204315,O,.,.,.,1,1
PRT,1,1934,.,1,1,19369,O,.,.,.,1,1
PRT,1,1934,.,2,1,17098,O,.,.,.,1,1
PRT,1,1934,.,3,1,19544,O,.,.,.,1,1
PRT,1,1934,.,4,1,17154,O,.,.,.,1,1
PRT,1,1934,.,5,1,16094,O,.,.,.,1,1
PRT,1,1934,.,6,1,14948,O,.,.,.,1,1
PRT,1,1934,.,7,1,16518,O,.,.,.,1,1
PRT,1,1934,.,8,1,15851,O,.,.,.,1,1
PRT,1,1934,.,9,1,16279,O,.,.,.,1,1
PRT,1,1934,.,10,1,16674,O,.,.,.,1,1
PRT,1,1934,.,11,1,16328,O,.,.,.,1,1
PRT,1,1934,.,12,1,17301,O,.,.,.,1,1
PRT,1,1934,.,TOT,1,203158,O,.,.,.,1,1
PRT,1,1935,.,1,1,17890,O,.,.,.,1,1
PRT,1,1935,.,2,1,17372,O,.,.,.,1,1
PRT,1,1935,.,3,1,19601,O,.,.,.,1,1
PRT,1,1935,.,4,1,17887,O,.,.,.,1,1
PRT,1,1935,.,5,1,16251,O,.,.,.,1,1
PRT,1,1935,.,6,1,15521,O,.,.,.,1,1
PRT,1,1935,.,7,1,16325,O,.,.,.,1,1
PRT,1,1935,.,8,1,16373,O,.,.,.,1,1
PRT,1,1935,.,9,1,16329,O,.,.,.,1,1
PRT,1,1935,.,10,1,16891,O,.,.,.,1,1
PRT,1,1935,.,11,1,16323,O,.,.,.,1,1
PRT,1,1935,.,12,1,17180,O,.,.,.,1,1
PRT,1,1935,.,TOT,1,203943,O,.,.,.,1,1
PRT,1,1936,.,1,1,18613,O,.,.,.,1,1
PRT,1,1936,.,2,1,17765,O,.,.,.,1,1
PRT,1,1936,.,3,1,20346,O,.,.,.,1,1
PRT,1,1936,.,4,1,18255,O,.,.,.,1,1
PRT,1,1936,.,5,1,17091,O,.,.,.,1,1
PRT,1,1936,.,6,1,15697,O,.,.,.,1,1
PRT,1,1936,.,7,1,16023,O,.,.,.,1,1
PRT,1,1936,.,8,1,16462,O,.,.,.,1,1
PRT,1,1936,.,9,1,15685,O,.,.,.,1,1
PRT,1,1936,.,10,1,17187,O,.,.,.,1,1
PRT,1,1936,.,11,1,16259,O,.,.,.,1,1
PRT,1,1936,.,12,1,16232,O,.,.,.,1,1
PRT,1,1936,.,TOT,1,205615,O,.,.,.,1,1
PRT,1,1937,.,1,1,17488,O,.,.,.,1,1
PRT,1,1937,.,2,1,16461,O,.,.,.,1,1
PRT,1,1937,.,3,1,19186,O,.,.,.,1,1
PRT,1,1937,.,4,1,17587,O,.,.,.,1,1
PRT,1,1937,.,5,1,16558,O,.,.,.,1,1
PRT,1,1937,.,6,1,14826,O,.,.,.,1,1
PRT,1,1937,.,7,1,14077,O,.,.,.,1,1
PRT,1,1937,.,8,1,17972,O,.,.,.,1,1
PRT,1,1937,.,9,1,16309,O,.,.,.,1,1
PRT,1,1937,.,10,1,16095,O,.,.,.,1,1
PRT,1,1937,.,11,1,15415,O,.,.,.,1,1
PRT,1,1937,.,12,1,16153,O,.,.,.,1,1
PRT,1,1937,.,TOT,1,198127,O,.,.,.,1,1
PRT,1,1938,.,1,1,17725,O,.,.,.,1,1
PRT,1,1938,.,2,1,16462,O,.,.,.,1,1
PRT,1,1938,.,3,1,19063,O,.,.,.,1,1
PRT,1,1938,.,4,1,16537,O,.,.,.,1,1
PRT,1,1938,.,5,1,15881,O,.,.,.,1,1
PRT,1,1938,.,6,1,14756,O,.,.,.,1,1
PRT,1,1938,.,7,1,16122,O,.,.,.,1,1
PRT,1,1938,.,8,1,15744,O,.,.,.,1,1
PRT,1,1938,.,9,1,16268,O,.,.,.,1,1
PRT,1,1938,.,10,1,16939,O,.,.,.,1,1
PRT,1,1938,.,11,1,16342,O,.,.,.,1,1
PRT,1,1938,.,12,1,17628,O,.,.,.,1,1
PRT,1,1938,.,TOT,1,199467,O,.,.,.,1,1
PRT,1,1939,.,1,1,19067,O,.,.,.,1,1
PRT,1,1939,.,2,1,16935,O,.,.,.,1,1
PRT,1,1939,.,3,1,18860,O,.,.,.,1,1
PRT,1,1939,.,4,1,17237,O,.,.,.,1,1
PRT,1,1939,.,5,1,16169,O,.,.,.,1,1
PRT,1,1939,.,6,1,14823,O,.,.,.,1,1
PRT,1,1939,.,7,1,15932,O,.,.,.,1,1
PRT,1,1939,.,8,1,15943,O,.,.,.,1,1
PRT,1,1939,.,9,1,15497,O,.,.,.,1,1
PRT,1,1939,.,10,1,16183,O,.,.,.,1,1
PRT,1,1939,.,11,1,16092,O,.,.,.,1,1
PRT,1,1939,.,12,1,16150,O,.,.,.,1,1
PRT,1,1939,.,TOT,1,198888,O,.,.,.,1,1
PRT,1,1940,.,1,1,16469,O,.,.,.,1,1
PRT,1,1940,.,2,1,16679,O,.,.,.,1,1
PRT,1,1940,.,3,1,17224,O,.,.,.,1,1
PRT,1,1940,.,4,1,15733,O,.,.,.,1,1
PRT,1,1940,.,5,1,15381,O,.,.,.,1,1
PRT,1,1940,.,6,1,14530,O,.,.,.,1,1
PRT,1,1940,.,7,1,14415,O,.,.,.,1,1
PRT,1,1940,.,8,1,14739,O,.,.,.,1,1
PRT,1,1940,.,9,1,16010,O,.,.,.,1,1
PRT,1,1940,.,10,1,15462,O,.,.,.,1,1
PRT,1,1940,.,11,1,15087,O,.,.,.,1,1
PRT,1,1940,.,12,1,16163,O,.,.,.,1,1
PRT,1,1940,.,TOT,1,187892,O,.,.,.,1,1
PRT,1,1941,.,1,1,16556,O,.,.,.,1,1
PRT,1,1941,.,2,1,15388,O,.,.,.,1,1
PRT,1,1941,.,3,1,16864,O,.,.,.,1,1
PRT,1,1941,.,4,1,16507,O,.,.,.,1,1
PRT,1,1941,.,5,1,15239,O,.,.,.,1,1
PRT,1,1941,.,6,1,14203,O,.,.,.,1,1
PRT,1,1941,.,7,1,14817,O,.,.,.,1,1
PRT,1,1941,.,8,1,15512,O,.,.,.,1,1
PRT,1,1941,.,9,1,15463,O,.,.,.,1,1
PRT,1,1941,.,10,1,15151,O,.,.,.,1,1
PRT,1,1941,.,11,1,14104,O,.,.,.,1,1
PRT,1,1941,.,12,1,14532,O,.,.,.,1,1
PRT,1,1941,.,TOT,1,184336,O,.,.,.,1,1
PRT,1,1942,.,1,1,15692,O,.,.,.,1,1
PRT,1,1942,.,2,1,14069,O,.,.,.,1,1
PRT,1,1942,.,3,1,17066,O,.,.,.,1,1
PRT,1,1942,.,4,1,16252,O,.,.,.,1,1
PRT,1,1942,.,5,1,16198,O,.,.,.,1,1
PRT,1,1942,.,6,1,14584,O,.,.,.,1,1
PRT,1,1942,.,7,1,14779,O,.,.,.,1,1
PRT,1,1942,.,8,1,15002,O,.,.,.,1,1
PRT,1,1942,.,9,1,15676,O,.,.,.,1,1
PRT,1,1942,.,10,1,16216,O,.,.,.,1,1
PRT,1,1942,.,11,1,16017,O,.,.,.,1,1
PRT,1,1942,.,12,1,15952,O,.,.,.,1,1
PRT,1,1942,.,TOT,1,187503,O,.,.,.,1,1
PRT,1,1943,.,1,1,18063,O,.,.,.,1,1
PRT,1,1943,.,2,1,17243,O,.,.,.,1,1
PRT,1,1943,.,3,1,18551,O,.,.,.,1,1
PRT,1,1943,.,4,1,18014,O,.,.,.,1,1
PRT,1,1943,.,5,1,16605,O,.,.,.,1,1
PRT,1,1943,.,6,1,15325,O,.,.,.,1,1
PRT,1,1943,.,7,1,14925,O,.,.,.,1,1
PRT,1,1943,.,8,1,15143,O,.,.,.,1,1
PRT,1,1943,.,9,1,15800,O,.,.,.,1,1
PRT,1,1943,.,10,1,15717,O,.,.,.,1,1
PRT,1,1943,.,11,1,15393,O,.,.,.,1,1
PRT,1,1943,.,12,1,17322,O,.,.,.,1,1
PRT,1,1943,.,TOT,1,198101,O,.,.,.,1,1
PRT,1,1944,.,1,1,19731,O,.,.,.,1,1
PRT,1,1944,.,2,1,16686,O,.,.,.,1,1
PRT,1,1944,.,3,1,18174,O,.,.,.,1,1
PRT,1,1944,.,4,1,15974,O,.,.,.,1,1
PRT,1,1944,.,5,1,15730,O,.,.,.,1,1
PRT,1,1944,.,6,1,15014,O,.,.,.,1,1
PRT,1,1944,.,7,1,15944,O,.,.,.,1,1
PRT,1,1944,.,8,1,16563,O,.,.,.,1,1
PRT,1,1944,.,9,1,17289,O,.,.,.,1,1
PRT,1,1944,.,10,1,17057,O,.,.,.,1,1
PRT,1,1944,.,11,1,16366,O,.,.,.,1,1
PRT,1,1944,.,12,1,16845,O,.,.,.,1,1
PRT,1,1944,.,TOT,1,201373,O,.,.,.,1,1
PRT,1,1945,.,1,1,19745,O,.,.,.,1,1
PRT,1,1945,.,2,1,17073,O,.,.,.,1,1
PRT,1,1945,.,3,1,18927,O,.,.,.,1,1
PRT,1,1945,.,4,1,16712,O,.,.,.,1,1
PRT,1,1945,.,5,1,16924,O,.,.,.,1,1
PRT,1,1945,.,6,1,16518,O,.,.,.,1,1
PRT,1,1945,.,7,1,16519,O,.,.,.,1,1
PRT,1,1945,.,8,1,16946,O,.,.,.,1,1
PRT,1,1945,.,9,1,17121,O,.,.,.,1,1
PRT,1,1945,.,10,1,16697,O,.,.,.,1,1
PRT,1,1945,.,11,1,16866,O,.,.,.,1,1
PRT,1,1945,.,12,1,19083,O,.,.,.,1,1
PRT,1,1945,.,TOT,1,209131,O,.,.,.,1,1
PRT,1,1946,.,1,1,20357,O,.,.,.,1,1
PRT,1,1946,.,2,1,17906,O,.,.,.,1,1
PRT,1,1946,.,3,1,19470,O,.,.,.,1,1
PRT,1,1946,.,4,1,17596,O,.,.,.,1,1
PRT,1,1946,.,5,1,16891,O,.,.,.,1,1
PRT,1,1946,.,6,1,16355,O,.,.,.,1,1
PRT,1,1946,.,7,1,16571,O,.,.,.,1,1
PRT,1,1946,.,8,1,15965,O,.,.,.,1,1
PRT,1,1946,.,9,1,15752,O,.,.,.,1,1
PRT,1,1946,.,10,1,15685,O,.,.,.,1,1
PRT,1,1946,.,11,1,15876,O,.,.,.,1,1
PRT,1,1946,.,12,1,17401,O,.,.,.,1,1
PRT,1,1946,.,TOT,1,205825,O,.,.,.,1,1
PRT,1,1947,.,1,1,18140,O,.,.,.,1,1
PRT,1,1947,.,2,1,15793,O,.,.,.,1,1
PRT,1,1947,.,3,1,18084,O,.,.,.,1,1
PRT,1,1947,.,4,1,16835,O,.,.,.,1,1
PRT,1,1947,.,5,1,15952,O,.,.,.,1,1
PRT,1,1947,.,6,1,15873,O,.,.,.,1,1
PRT,1,1947,.,7,1,16022,O,.,.,.,1,1
PRT,1,1947,.,8,1,16115,O,.,.,.,1,1
PRT,1,1947,.,9,1,16819,O,.,.,.,1,1
PRT,1,1947,.,10,1,17593,O,.,.,.,1,1
PRT,1,1947,.,11,1,16726,O,.,.,.,1,1
PRT,1,1947,.,12,1,16536,O,.,.,.,1,1
PRT,1,1947,.,TOT,1,200488,O,.,.,.,1,1
PRT,1,1948,.,1,1,18589,O,.,.,.,1,1
PRT,1,1948,.,2,1,17766,O,.,.,.,1,1
PRT,1,1948,.,3,1,20965,O,.,.,.,1,1
PRT,1,1948,.,4,1,19631,O,.,.,.,1,1
PRT,1,1948,.,5,1,18766,O,.,.,.,1,1
PRT,1,1948,.,6,1,17214,O,.,.,.,1,1
PRT,1,1948,.,7,1,17599,O,.,.,.,1,1
PRT,1,1948,.,8,1,17571,O,.,.,.,1,1
PRT,1,1948,.,9,1,17587,O,.,.,.,1,1
PRT,1,1948,.,10,1,18215,O,.,.,.,1,1
PRT,1,1948,.,11,1,17899,O,.,.,.,1,1
PRT,1,1948,.,12,1,19179,O,.,.,.,1,1
PRT,1,1948,.,TOT,1,220981,O,.,.,.,1,1
PRT,1,1949,.,1,1,20639,O,.,.,.,1,1
PRT,1,1949,.,2,1,18400,O,.,.,.,1,1
PRT,1,1949,.,3,1,19767,O,.,.,.,1,1
PRT,1,1949,.,4,1,17591,O,.,.,.,1,1
PRT,1,1949,.,5,1,17217,O,.,.,.,1,1
PRT,1,1949,.,6,1,16622,O,.,.,.,1,1
PRT,1,1949,.,7,1,16312,O,.,.,.,1,1
PRT,1,1949,.,8,1,16411,O,.,.,.,1,1
PRT,1,1949,.,9,1,16732,O,.,.,.,1,1
PRT,1,1949,.,10,1,17516,O,.,.,.,1,1
PRT,1,1949,.,11,1,17273,O,.,.,.,1,1
PRT,1,1949,.,12,1,17780,O,.,.,.,1,1
PRT,1,1949,.,TOT,1,212260,O,.,.,.,1,1
PRT,1,1950,.,1,1,19993,O,.,.,.,1,1
PRT,1,1950,.,2,1,16742,O,.,.,.,1,1
PRT,1,1950,.,3,1,18870,O,.,.,.,1,1
PRT,1,1950,.,4,1,16982,O,.,.,.,1,1
PRT,1,1950,.,5,1,16254,O,.,.,.,1,1
PRT,1,1950,.,6,1,15196,O,.,.,.,1,1
PRT,1,1950,.,7,1,16137,O,.,.,.,1,1
PRT,1,1950,.,8,1,16498,O,.,.,.,1,1
PRT,1,1950,.,9,1,16818,O,.,.,.,1,1
PRT,1,1950,.,10,1,17286,O,.,.,.,1,1
PRT,1,1950,.,11,1,16955,O,.,.,.,1,1
PRT,1,1950,.,12,1,17432,O,.,.,.,1,1
PRT,1,1950,.,TOT,1,205163,O,.,.,.,1,1
PRT,1,1951,.,1,1,19765,O,.,.,.,1,1
PRT,1,1951,.,2,1,17115,O,.,.,.,1,1
PRT,1,1951,.,3,1,19754,O,.,.,.,1,1
PRT,1,1951,.,4,1,17890,O,.,.,.,1,1
PRT,1,1951,.,5,1,17419,O,.,.,.,1,1
PRT,1,1951,.,6,1,16663,O,.,.,.,1,1
PRT,1,1951,.,7,1,16836,O,.,.,.,1,1
PRT,1,1951,.,8,1,16941,O,.,.,.,1,1
PRT,1,1951,.,9,1,16720,O,.,.,.,1,1
PRT,1,1951,.,10,1,17225,O,.,.,.,1,1
PRT,1,1951,.,11,1,15477,O,.,.,.,1,1
PRT,1,1951,.,12,1,16065,O,.,.,.,1,1
PRT,1,1951,.,TOT,1,207870,O,.,.,.,1,1
PRT,1,1952,.,1,1,18873,O,.,.,.,1,1
PRT,1,1952,.,2,1,17929,O,.,.,.,1,1
PRT,1,1952,.,3,1,19834,O,.,.,.,1,1
PRT,1,1952,.,4,1,18582,O,.,.,.,1,1
PRT,1,1952,.,5,1,17240,O,.,.,.,1,1
PRT,1,1952,.,6,1,17214,O,.,.,.,1,1
PRT,1,1952,.,7,1,16192,O,.,.,.,1,1
PRT,1,1952,.,8,1,16447,O,.,.,.,1,1
PRT,1,1952,.,9,1,16756,O,.,.,.,1,1
PRT,1,1952,.,10,1,17603,O,.,.,.,1,1
PRT,1,1952,.,11,1,17047,O,.,.,.,1,1
PRT,1,1952,.,12,1,17496,O,.,.,.,1,1
PRT,1,1952,.,TOT,1,211213,O,.,.,.,1,1
PRT,1,1953,.,1,1,19954,O,.,.,.,1,1
PRT,1,1953,.,2,1,17225,O,.,.,.,1,1
PRT,1,1953,.,3,1,18915,O,.,.,.,1,1
PRT,1,1953,.,4,1,16424,O,.,.,.,1,1
PRT,1,1953,.,5,1,16295,O,.,.,.,1,1
PRT,1,1953,.,6,1,15607,O,.,.,.,1,1
PRT,1,1953,.,7,1,15968,O,.,.,.,1,1
PRT,1,1953,.,8,1,16216,O,.,.,.,1,1
PRT,1,1953,.,9,1,16374,O,.,.,.,1,1
PRT,1,1953,.,10,1,16486,O,.,.,.,1,1
PRT,1,1953,.,11,1,15807,O,.,.,.,1,1
PRT,1,1953,.,12,1,16864,O,.,.,.,1,1
PRT,1,1953,.,TOT,1,202135,O,.,.,.,1,1
PRT,1,1954,.,1,1,18755,O,.,.,.,1,1
PRT,1,1954,.,2,1,16845,O,.,.,.,1,1
PRT,1,1954,.,3,1,17839,O,.,.,.,1,1
PRT,1,1954,.,4,1,16942,O,.,.,.,1,1
PRT,1,1954,.,5,1,16232,O,.,.,.,1,1
PRT,1,1954,.,6,1,15316,O,.,.,.,1,1
PRT,1,1954,.,7,1,15932,O,.,.,.,1,1
PRT,1,1954,.,8,1,16575,O,.,.,.,1,1
PRT,1,1954,.,9,1,16429,O,.,.,.,1,1
PRT,1,1954,.,10,1,16520,O,.,.,.,1,1
PRT,1,1954,.,11,1,15727,O,.,.,.,1,1
PRT,1,1954,.,12,1,14424,O,.,.,.,1,1
PRT,1,1954,.,TOT,1,197536,O,.,.,.,1,1
PRT,1,1955,.,1,1,22127,O,.,.,.,1,1
PRT,1,1955,.,2,1,17302,O,.,.,.,1,1
PRT,1,1955,.,3,1,19381,O,.,.,.,1,1
PRT,1,1955,.,4,1,17710,O,.,.,.,1,1
PRT,1,1955,.,5,1,17051,O,.,.,.,1,1
PRT,1,1955,.,6,1,16234,O,.,.,.,1,1
PRT,1,1955,.,7,1,16492,O,.,.,.,1,1
PRT,1,1955,.,8,1,16434,O,.,.,.,1,1
PRT,1,1955,.,9,1,16904,O,.,.,.,1,1
PRT,1,1955,.,10,1,16884,O,.,.,.,1,1
PRT,1,1955,.,11,1,16119,O,.,.,.,1,1
PRT,1,1955,.,12,1,17152,O,.,.,.,1,1
PRT,1,1955,.,TOT,1,209790,O,.,.,.,1,1
PRT,1,1956,.,1,1,19060,O,.,.,.,1,1
PRT,1,1956,.,2,1,17452,O,.,.,.,1,1
PRT,1,1956,.,3,1,19486,O,.,.,.,1,1
PRT,1,1956,.,4,1,17553,O,.,.,.,1,1
PRT,1,1956,.,5,1,17062,O,.,.,.,1,1
PRT,1,1956,.,6,1,15656,O,.,.,.,1,1
PRT,1,1956,.,7,1,15821,O,.,.,.,1,1
PRT,1,1956,.,8,1,15652,O,.,.,.,1,1
PRT,1,1956,.,9,1,15908,O,.,.,.,1,1
PRT,1,1956,.,10,1,16773,O,.,.,.,1,1
PRT,1,1956,.,11,1,15646,O,.,.,.,1,1
PRT,1,1956,.,12,1,16598,O,.,.,.,1,1
PRT,1,1956,.,TOT,1,202667,O,.,.,.,1,1
PRT,1,1957,.,1,1,18024,O,.,.,.,1,1
PRT,1,1957,.,2,1,17232,O,.,.,.,1,1
PRT,1,1957,.,3,1,19084,O,.,.,.,1,1
PRT,1,1957,.,4,1,18649,O,.,.,.,1,1
PRT,1,1957,.,5,1,17923,O,.,.,.,1,1
PRT,1,1957,.,6,1,16720,O,.,.,.,1,1
PRT,1,1957,.,7,1,16890,O,.,.,.,1,1
PRT,1,1957,.,8,1,16981,O,.,.,.,1,1
PRT,1,1957,.,9,1,17323,O,.,.,.,1,1
PRT,1,1957,.,10,1,17898,O,.,.,.,1,1
PRT,1,1957,.,11,1,16771,O,.,.,.,1,1
PRT,1,1957,.,12,1,17999,O,.,.,.,1,1
PRT,1,1957,.,TOT,1,211494,O,.,.,.,1,1
PRT,1,1958,.,1,1,19088,O,.,.,.,1,1
PRT,1,1958,.,2,1,17943,O,.,.,.,1,1
PRT,1,1958,.,3,1,20508,O,.,.,.,1,1
PRT,1,1958,.,4,1,18558,O,.,.,.,1,1
PRT,1,1958,.,5,1,16903,O,.,.,.,1,1
PRT,1,1958,.,6,1,15726,O,.,.,.,1,1
PRT,1,1958,.,7,1,15382,O,.,.,.,1,1
PRT,1,1958,.,8,1,15311,O,.,.,.,1,1
PRT,1,1958,.,9,1,17388,O,.,.,.,1,1
PRT,1,1958,.,10,1,19005,O,.,.,.,1,1
PRT,1,1958,.,11,1,17891,O,.,.,.,1,1
PRT,1,1958,.,12,1,18764,O,.,.,.,1,1
PRT,1,1958,.,TOT,1,212467,O,.,.,.,1,1
PRT,1,1959,.,1,1,19554,O,.,.,.,1,1
PRT,1,1959,.,2,1,17596,O,.,.,.,1,1
PRT,1,1959,.,3,1,19768,O,.,.,.,1,1
PRT,1,1959,.,4,1,17909,O,.,.,.,1,1
PRT,1,1959,.,5,1,16932,O,.,.,.,1,1
PRT,1,1959,.,6,1,16201,O,.,.,.,1,1
PRT,1,1959,.,7,1,16576,O,.,.,.,1,1
PRT,1,1959,.,8,1,17482,O,.,.,.,1,1
PRT,1,1959,.,9,1,17760,O,.,.,.,1,1
PRT,1,1959,.,10,1,18094,O,.,.,.,1,1
PRT,1,1959,.,11,1,17105,O,.,.,.,1,1
PRT,1,1959,.,12,1,18085,O,.,.,.,1,1
PRT,1,1959,.,TOT,1,213062,O,.,.,.,1,1
PRT,1,1960,.,1,1,18124,O,.,.,.,1,1
PRT,1,1960,.,2,1,17516,O,.,.,.,1,1
PRT,1,1960,.,3,1,19647,O,.,.,.,1,1
PRT,1,1960,.,4,1,18120,O,.,.,.,1,1
PRT,1,1960,.,5,1,17973,O,.,.,.,1,1
PRT,1,1960,.,6,1,16464,O,.,.,.,1,1
PRT,1,1960,.,7,1,17116,O,.,.,.,1,1
PRT,1,1960,.,8,1,17670,O,.,.,.,1,1
PRT,1,1960,.,9,1,18016,O,.,.,.,1,1
PRT,1,1960,.,10,1,18616,O,.,.,.,1,1
PRT,1,1960,.,11,1,17186,O,.,.,.,1,1
PRT,1,1960,.,12,1,17447,O,.,.,.,1,1
PRT,1,1960,.,TOT,1,213895,O,.,.,.,1,1
PRT,1,1961,.,1,1,19800,O,.,.,.,1,1
PRT,1,1961,.,2,1,17517,O,.,.,.,1,1
PRT,1,1961,.,3,1,20157,O,.,.,.,1,1
PRT,1,1961,.,4,1,18191,O,.,.,.,1,1
PRT,1,1961,.,5,1,17973,O,.,.,.,1,1
PRT,1,1961,.,6,1,17075,O,.,.,.,1,1
PRT,1,1961,.,7,1,17210,O,.,.,.,1,1
PRT,1,1961,.,8,1,17207,O,.,.,.,1,1
PRT,1,1961,.,9,1,17329,O,.,.,.,1,1
PRT,1,1961,.,10,1,17824,O,.,.,.,1,1
PRT,1,1961,.,11,1,17798,O,.,.,.,1,1
PRT,1,1961,.,12,1,19435,O,.,.,.,1,1
PRT,1,1961,.,TOT,1,217516,O,.,.,.,1,1
PRT,1,1962,.,1,1,20254,O,.,.,.,1,1
PRT,1,1962,.,2,1,18807,O,.,.,.,1,1
PRT,1,1962,.,3,1,20398,O,.,.,.,1,1
PRT,1,1962,.,4,1,18590,O,.,.,.,1,1
PRT,1,1962,.,5,1,17692,O,.,.,.,1,1
PRT,1,1962,.,6,1,16678,O,.,.,.,1,1
PRT,1,1962,.,7,1,17265,O,.,.,.,1,1
PRT,1,1962,.,8,1,17403,O,.,.,.,1,1
PRT,1,1962,.,9,1,17941,O,.,.,.,1,1
PRT,1,1962,.,10,1,18998,O,.,.,.,1,1
PRT,1,1962,.,11,1,17800,O,.,.,.,1,1
PRT,1,1962,.,12,1,18374,O,.,.,.,1,1
PRT,1,1962,.,TOT,1,220200,O,.,.,.,1,1
PRT,1,1963,.,1,1,19232,O,.,.,.,1,1
PRT,1,1963,.,2,1,17478,O,.,.,.,1,1
PRT,1,1963,.,3,1,19670,O,.,.,.,1,1
PRT,1,1963,.,4,1,17977,O,.,.,.,1,1
PRT,1,1963,.,5,1,17356,O,.,.,.,1,1
PRT,1,1963,.,6,1,16207,O,.,.,.,1,1
PRT,1,1963,.,7,1,16939,O,.,.,.,1,1
PRT,1,1963,.,8,1,17262,O,.,.,.,1,1
PRT,1,1963,.,9,1,18364,O,.,.,.,1,1
PRT,1,1963,.,10,1,18098,O,.,.,.,1,1
PRT,1,1963,.,11,1,16592,O,.,.,.,1,1
PRT,1,1963,.,12,1,16977,O,.,.,.,1,1
PRT,1,1963,.,TOT,1,212152,O,.,.,.,1,1
PRT,1,1964,.,1,1,18006,O,.,.,.,1,1
PRT,1,1964,.,2,1,17590,O,.,.,.,1,1
PRT,1,1964,.,3,1,20116,O,.,.,.,1,1
PRT,1,1964,.,4,1,18879,O,.,.,.,1,1
PRT,1,1964,.,5,1,18177,O,.,.,.,1,1
PRT,1,1964,.,6,1,17277,O,.,.,.,1,1
PRT,1,1964,.,7,1,17160,O,.,.,.,1,1
PRT,1,1964,.,8,1,17096,O,.,.,.,1,1
PRT,1,1964,.,9,1,18071,O,.,.,.,1,1
PRT,1,1964,.,10,1,19032,O,.,.,.,1,1
PRT,1,1964,.,11,1,17469,O,.,.,.,1,1
PRT,1,1964,.,12,1,18263,O,.,.,.,1,1
PRT,1,1964,.,TOT,1,217136,O,.,.,.,1,1
PRT,1,1965,.,1,1,18790,O,.,.,.,1,1
PRT,1,1965,.,2,1,17016,O,.,.,.,1,1
PRT,1,1965,.,3,1,18857,O,.,.,.,1,1
PRT,1,1965,.,4,1,17865,O,.,.,.,1,1
PRT,1,1965,.,5,1,17441,O,.,.,.,1,1
PRT,1,1965,.,6,1,16462,O,.,.,.,1,1
PRT,1,1965,.,7,1,16415,O,.,.,.,1,1
PRT,1,1965,.,8,1,17272,O,.,.,.,1,1
PRT,1,1965,.,9,1,17713,O,.,.,.,1,1
PRT,1,1965,.,10,1,17987,O,.,.,.,1,1
PRT,1,1965,.,11,1,16735,O,.,.,.,1,1
PRT,1,1965,.,12,1,17746,O,.,.,.,1,1
PRT,1,1965,.,TOT,1,210299,O,.,.,.,1,1
PRT,1,1966,.,1,1,18412,O,.,.,.,1,1
PRT,1,1966,.,2,1,16694,O,.,.,.,1,1
PRT,1,1966,.,3,1,18664,O,.,.,.,1,1
PRT,1,1966,.,4,1,17644,O,.,.,.,1,1
PRT,1,1966,.,5,1,17585,O,.,.,.,1,1
PRT,1,1966,.,6,1,16304,O,.,.,.,1,1
PRT,1,1966,.,7,1,16330,O,.,.,.,1,1
PRT,1,1966,.,8,1,16990,O,.,.,.,1,1
PRT,1,1966,.,9,1,17972,O,.,.,.,1,1
PRT,1,1966,.,10,1,18094,O,.,.,.,1,1
PRT,1,1966,.,11,1,16273,O,.,.,.,1,1
PRT,1,1966,.,12,1,15978,O,.,.,.,1,1
PRT,1,1966,.,TOT,1,206940,O,.,.,.,1,1
PRT,1,1967,.,1,1,17078,O,.,.,.,2,1
PRT,1,1967,.,2,1,16226,O,.,.,.,2,1
PRT,1,1967,.,3,1,18029,O,.,.,.,2,1
PRT,1,1967,.,4,1,17050,O,.,.,.,2,1
PRT,1,1967,.,5,1,17108,O,.,.,.,2,1
PRT,1,1967,.,6,1,15446,O,.,.,.,2,1
PRT,1,1967,.,7,1,16031,O,.,.,.,2,1
PRT,1,1967,.,8,1,16644,O,.,.,.,2,1
PRT,1,1967,.,9,1,17316,O,.,.,.,2,1
PRT,1,1967,.,10,1,17754,O,.,.,.,2,1
PRT,1,1967,.,11,1,16186,O,.,.,.,2,1
PRT,1,1967,.,12,1,17193,O,.,.,.,2,1
PRT,1,1967,.,TOT,1,202061,O,.,.,.,2,1
PRT,1,1968,.,1,1,16703,O,.,.,.,2,1
PRT,1,1968,.,2,1,15827,O,.,.,.,2,1
PRT,1,1968,.,3,1,17475,O,.,.,.,2,1
PRT,1,1968,.,4,1,16678,O,.,.,.,2,1
PRT,1,1968,.,5,1,16960,O,.,.,.,2,1
PRT,1,1968,.,6,1,15436,O,.,.,.,2,1
PRT,1,1968,.,7,1,15373,O,.,.,.,2,1
PRT,1,1968,.,8,1,15791,O,.,.,.,2,1
PRT,1,1968,.,9,1,17163,O,.,.,.,2,1
PRT,1,1968,.,10,1,17138,O,.,.,.,2,1
PRT,1,1968,.,11,1,15223,O,.,.,.,2,1
PRT,1,1968,.,12,1,15195,O,.,.,.,2,1
PRT,1,1968,.,TOT,1,194962,O,.,.,.,2,1
PRT,1,1969,.,1,1,16355,O,.,.,.,2,1
PRT,1,1969,.,2,1,15042,O,.,.,.,2,1
PRT,1,1969,.,3,1,17024,O,.,.,.,2,1
PRT,1,1969,.,4,1,16056,O,.,.,.,2,1
PRT,1,1969,.,5,1,16036,O,.,.,.,2,1
PRT,1,1969,.,6,1,14838,O,.,.,.,2,1
PRT,1,1969,.,7,1,15516,O,.,.,.,2,1
PRT,1,1969,.,8,1,15527,O,.,.,.,2,1
PRT,1,1969,.,9,1,16661,O,.,.,.,2,1
PRT,1,1969,.,10,1,16464,O,.,.,.,2,1
PRT,1,1969,.,11,1,14658,O,.,.,.,2,1
PRT,1,1969,.,12,1,15562,O,.,.,.,2,1
PRT,1,1969,.,TOT,1,189739,O,.,.,.,2,1
PRT,1,1970,.,1,1,15573,O,.,.,.,2,1
PRT,1,1970,.,2,1,14329,O,.,.,.,2,1
PRT,1,1970,.,3,1,16208,O,.,.,.,2,1
PRT,1,1970,.,4,1,15295,O,.,.,.,2,1
PRT,1,1970,.,5,1,15267,O,.,.,.,2,1
PRT,1,1970,.,6,1,14131,O,.,.,.,2,1
PRT,1,1970,.,7,1,14775,O,.,.,.,2,1
PRT,1,1970,.,8,1,14788,O,.,.,.,2,1
PRT,1,1970,.,9,1,15866,O,.,.,.,2,1
PRT,1,1970,.,10,1,15678,O,.,.,.,2,1
PRT,1,1970,.,11,1,13961,O,.,.,.,2,1
PRT,1,1970,.,12,1,14819,O,.,.,.,2,1
PRT,1,1970,.,TOT,1,180690,O,.,.,.,2,1
PRT,1,1971,.,1,1,15894,O,.,.,.,2,1
PRT,1,1971,.,2,1,14291,O,.,.,.,2,1
PRT,1,1971,.,3,1,15585,O,.,.,.,2,1
PRT,1,1971,.,4,1,15010,O,.,.,.,2,1
PRT,1,1971,.,5,1,15552,O,.,.,.,2,1
PRT,1,1971,.,6,1,14572,O,.,.,.,2,1
PRT,1,1971,.,7,1,14721,O,.,.,.,2,1
PRT,1,1971,.,8,1,14729,O,.,.,.,2,1
PRT,1,1971,.,9,1,16086,O,.,.,.,2,1
PRT,1,1971,.,10,1,15707,O,.,.,.,2,1
PRT,1,1971,.,11,1,15118,O,.,.,.,2,1
PRT,1,1971,.,12,1,13978,O,.,.,.,2,1
PRT,1,1971,.,TOT,1,181243,O,.,.,.,2,1
PRT,1,1972,.,1,1,14943,O,.,.,.,2,1
PRT,1,1972,.,2,1,13679,O,.,.,.,2,1
PRT,1,1972,.,3,1,14894,O,.,.,.,2,1
PRT,1,1972,.,4,1,14242,O,.,.,.,2,1
PRT,1,1972,.,5,1,15190,O,.,.,.,2,1
PRT,1,1972,.,6,1,14025,O,.,.,.,2,1
PRT,1,1972,.,7,1,14328,O,.,.,.,2,1
PRT,1,1972,.,8,1,14070,O,.,.,.,2,1
PRT,1,1972,.,9,1,15255,O,.,.,.,2,1
PRT,1,1972,.,10,1,15152,O,.,.,.,2,1
PRT,1,1972,.,11,1,14308,O,.,.,.,2,1
PRT,1,1972,.,12,1,14599,O,.,.,.,2,1
PRT,1,1972,.,TOT,1,174685,O,.,.,.,2,1
PRT,1,1973,.,1,1,15740,O,.,.,.,2,1
PRT,1,1973,.,2,1,13399,O,.,.,.,2,1
PRT,1,1973,.,3,1,14859,O,.,.,.,2,1
PRT,1,1973,.,4,1,14428,O,.,.,.,2,1
PRT,1,1973,.,5,1,15053,O,.,.,.,2,1
PRT,1,1973,.,6,1,13929,O,.,.,.,2,1
PRT,1,1973,.,7,1,14059,O,.,.,.,2,1
PRT,1,1973,.,8,1,14043,O,.,.,.,2,1
PRT,1,1973,.,9,1,14777,O,.,.,.,2,1
PRT,1,1973,.,10,1,14467,O,.,.,.,2,1
PRT,1,1973,.,11,1,13408,O,.,.,.,2,1
PRT,1,1973,.,12,1,14162,O,.,.,.,2,1
PRT,1,1973,.,TOT,1,172324,O,.,.,.,2,1
PRT,1,1974,.,1,1,14732,O,.,.,.,2,1
PRT,1,1974,.,2,1,13050,O,.,.,.,2,1
PRT,1,1974,.,3,1,14465,O,.,.,.,2,1
PRT,1,1974,.,4,1,14380,O,.,.,.,2,1
PRT,1,1974,.,5,1,15366,O,.,.,.,2,1
PRT,1,1974,.,6,1,13612,O,.,.,.,2,1
PRT,1,1974,.,7,1,14875,O,.,.,.,2,1
PRT,1,1974,.,8,1,14132,O,.,.,.,2,1
PRT,1,1974,.,9,1,15089,O,.,.,.,2,1
PRT,1,1974,.,10,1,14997,O,.,.,.,2,1
PRT,1,1974,.,11,1,13813,O,.,.,.,2,1
PRT,1,1974,.,12,1,13468,O,.,.,.,2,1
PRT,1,1974,.,TOT,1,171979,O,.,.,.,2,1
PRT,1,1975,.,1,1,14701,O,.,.,.,2,1
PRT,1,1975,.,2,1,13416,O,.,.,.,2,1
PRT,1,1975,.,3,1,14655,O,.,.,.,2,1
PRT,1,1975,.,4,1,14846,O,.,.,.,2,1
PRT,1,1975,.,5,1,15477,O,.,.,.,2,1
PRT,1,1975,.,6,1,15215,O,.,.,.,2,1
PRT,1,1975,.,7,1,15578,O,.,.,.,2,1
PRT,1,1975,.,8,1,14741,O,.,.,.,2,1
PRT,1,1975,.,9,1,15486,O,.,.,.,2,1
PRT,1,1975,.,10,1,15867,O,.,.,.,2,1
PRT,1,1975,.,11,1,14737,O,.,.,.,2,1
PRT,1,1975,.,12,1,14929,O,.,.,.,2,1
PRT,1,1975,.,TOT,1,179648,O,.,.,.,2,1
PRT,1,1976,.,1,1,16023,O,.,.,.,2,1
PRT,1,1976,.,2,1,14545,O,.,.,.,2,1
PRT,1,1976,.,3,1,15749,O,.,.,.,2,1
PRT,1,1976,.,4,1,15286,O,.,.,.,2,1
PRT,1,1976,.,5,1,16479,O,.,.,.,2,1
PRT,1,1976,.,6,1,15935,O,.,.,.,2,1
PRT,1,1976,.,7,1,15799,O,.,.,.,2,1
PRT,1,1976,.,8,1,15442,O,.,.,.,2,1
PRT,1,1976,.,9,1,16098,O,.,.,.,2,1
PRT,1,1976,.,10,1,15493,O,.,.,.,2,1
PRT,1,1976,.,11,1,14547,O,.,.,.,2,1
PRT,1,1976,.,12,1,15316,O,.,.,.,2,1
PRT,1,1976,.,TOT,1,186712,O,.,.,.,2,1
PRT,1,1977,.,1,1,15595,O,.,.,.,2,1
PRT,1,1977,.,2,1,13947,O,.,.,.,2,1
PRT,1,1977,.,3,1,15601,O,.,.,.,2,1
PRT,1,1977,.,4,1,15203,O,.,.,.,2,1
PRT,1,1977,.,5,1,16293,O,.,.,.,2,1
PRT,1,1977,.,6,1,15513,O,.,.,.,2,1
PRT,1,1977,.,7,1,15208,O,.,.,.,2,1
PRT,1,1977,.,8,1,15066,O,.,.,.,2,1
PRT,1,1977,.,9,1,15095,O,.,.,.,2,1
PRT,1,1977,.,10,1,15086,O,.,.,.,2,1
PRT,1,1977,.,11,1,13842,O,.,.,.,2,1
PRT,1,1977,.,12,1,14615,O,.,.,.,2,1
PRT,1,1977,.,TOT,1,181064,O,.,.,.,2,1
PRT,1,1978,.,1,1,14443,O,.,.,.,2,1
PRT,1,1978,.,2,1,12705,O,.,.,.,2,1
PRT,1,1978,.,3,1,14331,O,.,.,.,2,1
PRT,1,1978,.,4,1,14169,O,.,.,.,2,1
PRT,1,1978,.,5,1,15468,O,.,.,.,2,1
PRT,1,1978,.,6,1,14135,O,.,.,.,2,1
PRT,1,1978,.,7,1,14102,O,.,.,.,2,1
PRT,1,1978,.,8,1,14005,O,.,.,.,2,1
PRT,1,1978,.,9,1,13399,O,.,.,.,2,1
PRT,1,1978,.,10,1,13885,O,.,.,.,2,1
PRT,1,1978,.,11,1,12907,O,.,.,.,2,1
PRT,1,1978,.,12,1,13918,O,.,.,.,2,1
PRT,1,1978,.,TOT,1,167467,O,.,.,.,2,1
PRT,1,1979,.,1,1,13859,O,.,.,.,2,1
PRT,1,1979,.,2,1,12418,O,.,.,.,2,1
PRT,1,1979,.,3,1,13942,O,.,.,.,2,1
PRT,1,1979,.,4,1,13671,O,.,.,.,2,1
PRT,1,1979,.,5,1,14728,O,.,.,.,2,1
PRT,1,1979,.,6,1,13777,O,.,.,.,2,1
PRT,1,1979,.,7,1,13844,O,.,.,.,2,1
PRT,1,1979,.,8,1,13306,O,.,.,.,2,1
PRT,1,1979,.,9,1,12938,O,.,.,.,2,1
PRT,1,1979,.,10,1,12743,O,.,.,.,2,1
PRT,1,1979,.,11,1,12777,O,.,.,.,2,1
PRT,1,1979,.,12,1,12308,O,.,.,.,2,1
PRT,1,1979,.,TOT,1,160311,O,.,.,.,2,1
PRT,1,1980,.,1,1,13558,O,.,.,.,3,1
PRT,1,1980,.,2,1,12046,O,.,.,.,3,1
PRT,1,1980,.,3,1,13358,O,.,.,.,3,1
PRT,1,1980,.,4,1,13234,O,.,.,.,3,1
PRT,1,1980,.,5,1,14485,O,.,.,.,3,1
PRT,1,1980,.,6,1,13482,O,.,.,.,3,1
PRT,1,1980,.,7,1,14316,O,.,.,.,3,1
PRT,1,1980,.,8,1,13647,O,.,.,.,3,1
PRT,1,1980,.,9,1,12988,O,.,.,.,3,1
PRT,1,1980,.,10,1,12817,O,.,.,.,3,1
PRT,1,1980,.,11,1,11835,O,.,.,.,3,1
PRT,1,1980,.,12,1,12543,O,.,.,.,3,1
PRT,1,1980,.,TOT,1,158309,O,.,.,.,3,1
PRT,1,1981,.,1,1,12680,O,.,.,.,3,1
PRT,1,1981,.,2,1,11340,O,.,.,.,3,1
PRT,1,1981,.,3,1,12697,O,.,.,.,3,1
PRT,1,1981,.,4,1,12619,O,.,.,.,3,1
PRT,1,1981,.,5,1,13658,O,.,.,.,3,1
PRT,1,1981,.,6,1,12837,O,.,.,.,3,1
PRT,1,1981,.,7,1,13307,O,.,.,.,3,1
PRT,1,1981,.,8,1,12865,O,.,.,.,3,1
PRT,1,1981,.,9,1,12923,O,.,.,.,3,1
PRT,1,1981,.,10,1,12664,O,.,.,.,3,1
PRT,1,1981,.,11,1,12271,O,.,.,.,3,1
PRT,1,1981,.,12,1,12210,O,.,.,.,3,1
PRT,1,1981,.,TOT,1,152071,O,.,.,.,3,1
PRT,1,1982,.,1,1,12332,O,.,.,.,3,1
PRT,1,1982,.,2,1,11323,O,.,.,.,3,1
PRT,1,1982,.,3,1,12390,O,.,.,.,3,1
PRT,1,1982,.,4,1,12043,O,.,.,.,3,1
PRT,1,1982,.,5,1,13705,O,.,.,.,3,1
PRT,1,1982,.,6,1,12866,O,.,.,.,3,1
PRT,1,1982,.,7,1,13211,O,.,.,.,3,1
PRT,1,1982,.,8,1,12856,O,.,.,.,3,1
PRT,1,1982,.,9,1,12887,O,.,.,.,3,1
PRT,1,1982,.,10,1,12945,O,.,.,.,3,1
PRT,1,1982,.,11,1,12066,O,.,.,.,3,1
PRT,1,1982,.,12,1,12378,O,.,.,.,3,1
PRT,1,1982,.,TOT,1,151002,O,.,.,.,3,1
PRT,1,1983,.,1,1,12099,O,.,.,.,3,1
PRT,1,1983,.,2,1,10861,O,.,.,.,3,1
PRT,1,1983,.,3,1,12188,O,.,.,.,3,1
PRT,1,1983,.,4,1,11922,O,.,.,.,3,1
PRT,1,1983,.,5,1,13013,O,.,.,.,3,1
PRT,1,1983,.,6,1,12298,O,.,.,.,3,1
PRT,1,1983,.,7,1,12689,O,.,.,.,3,1
PRT,1,1983,.,8,1,12331,O,.,.,.,3,1
PRT,1,1983,.,9,1,11878,O,.,.,.,3,1
PRT,1,1983,.,10,1,12030,O,.,.,.,3,1
PRT,1,1983,.,11,1,11365,O,.,.,.,3,1
PRT,1,1983,.,12,1,11622,O,.,.,.,3,1
PRT,1,1983,.,TOT,1,144296,O,.,.,.,3,1
PRT,1,1984,.,1,1,11849,O,.,.,.,3,1
PRT,1,1984,.,2,1,11127,O,.,.,.,3,1
PRT,1,1984,.,3,1,12320,O,.,.,.,3,1
PRT,1,1984,.,4,1,11906,O,.,.,.,3,1
PRT,1,1984,.,5,1,12752,O,.,.,.,3,1
PRT,1,1984,.,6,1,11821,O,.,.,.,3,1
PRT,1,1984,.,7,1,12164,O,.,.,.,3,1
PRT,1,1984,.,8,1,12065,O,.,.,.,3,1
PRT,1,1984,.,9,1,12033,O,.,.,.,3,1
PRT,1,1984,.,10,1,12316,O,.,.,.,3,1
PRT,1,1984,.,11,1,11324,O,.,.,.,3,1
PRT,1,1984,.,12,1,11106,O,.,.,.,3,1
PRT,1,1984,.,TOT,1,142783,O,.,.,.,3,1
PRT,1,1985,.,1,1,11034,O,.,.,.,3,1
PRT,1,1985,.,2,1,9935,O,.,.,.,3,1
PRT,1,1985,.,3,1,11012,O,.,.,.,3,1
PRT,1,1985,.,4,1,10664,O,.,.,.,3,1
PRT,1,1985,.,5,1,12041,O,.,.,.,3,1
PRT,1,1985,.,6,1,11172,O,.,.,.,3,1
PRT,1,1985,.,7,1,11307,O,.,.,.,3,1
PRT,1,1985,.,8,1,10929,O,.,.,.,3,1
PRT,1,1985,.,9,1,11058,O,.,.,.,3,1
PRT,1,1985,.,10,1,11016,O,.,.,.,3,1
PRT,1,1985,.,11,1,10002,O,.,.,.,3,1
PRT,1,1985,.,12,1,10280,O,.,.,.,3,1
PRT,1,1985,.,TOT,1,130450,O,.,.,.,3,1
PRT,1,1986,.,1,1,10445,O,.,.,.,3,1
PRT,1,1986,.,2,1,9577,O,.,.,.,3,1
PRT,1,1986,.,3,1,10692,O,.,.,.,3,1
PRT,1,1986,.,4,1,10467,O,.,.,.,3,1
PRT,1,1986,.,5,1,11436,O,.,.,.,3,1
PRT,1,1986,.,6,1,10475,O,.,.,.,3,1
PRT,1,1986,.,7,1,10932,O,.,.,.,3,1
PRT,1,1986,.,8,1,10494,O,.,.,.,3,1
PRT,1,1986,.,9,1,10821,O,.,.,.,3,1
PRT,1,1986,.,10,1,10702,O,.,.,.,3,1
PRT,1,1986,.,11,1,10236,O,.,.,.,3,1
PRT,1,1986,.,12,1,10438,O,.,.,.,3,1
PRT,1,1986,.,TOT,1,126715,O,.,.,.,3,1
PRT,1,1987,.,1,1,10612,O,.,.,.,3,1
PRT,1,1987,.,2,1,9384,O,.,.,.,3,1
PRT,1,1987,.,3,1,10166,O,.,.,.,3,1
PRT,1,1987,.,4,1,10317,O,.,.,.,3,1
PRT,1,1987,.,5,1,10933,O,.,.,.,3,1
PRT,1,1987,.,6,1,10684,O,.,.,.,3,1
PRT,1,1987,.,7,1,10708,O,.,.,.,3,1
PRT,1,1987,.,8,1,10520,O,.,.,.,3,1
PRT,1,1987,.,9,1,10678,O,.,.,.,3,1
PRT,1,1987,.,10,1,10171,O,.,.,.,3,1
PRT,1,1987,.,11,1,9406,O,.,.,.,3,1
PRT,1,1987,.,12,1,9600,O,.,.,.,3,1
PRT,1,1987,.,TOT,1,123179,O,.,.,.,3,1
PRT,1,1988,.,1,1,9996,O,.,.,.,3,1
PRT,1,1988,.,2,1,9130,O,.,.,.,3,1
PRT,1,1988,.,3,1,10393,O,.,.,.,3,1
PRT,1,1988,.,4,1,9556,O,.,.,.,3,1
PRT,1,1988,.,5,1,10712,O,.,.,.,3,1
PRT,1,1988,.,6,1,10292,O,.,.,.,3,1
PRT,1,1988,.,7,1,10626,O,.,.,.,3,1
PRT,1,1988,.,8,1,10758,O,.,.,.,3,1
PRT,1,1988,.,9,1,10693,O,.,.,.,3,1
PRT,1,1988,.,10,1,10503,O,.,.,.,3,1
PRT,1,1988,.,11,1,9782,O,.,.,.,3,1
PRT,1,1988,.,12,1,9652,O,.,.,.,3,1
PRT,1,1988,.,TOT,1,122093,O,.,.,.,3,1
PRT,1,1989,.,1,1,9719,O,.,.,.,3,1
PRT,1,1989,.,2,1,8741,O,.,.,.,3,1
PRT,1,1989,.,3,1,9831,O,.,.,.,3,1
PRT,1,1989,.,4,1,9710,O,.,.,.,3,1
PRT,1,1989,.,5,1,10683,O,.,.,.,3,1
PRT,1,1989,.,6,1,9747,O,.,.,.,3,1
PRT,1,1989,.,7,1,10145,O,.,.,.,3,1
PRT,1,1989,.,8,1,9910,O,.,.,.,3,1
PRT,1,1989,.,9,1,10147,O,.,.,.,3,1
PRT,1,1989,.,10,1,10368,O,.,.,.,3,1
PRT,1,1989,.,11,1,9690,O,.,.,.,3,1
PRT,1,1989,.,12,1,9792,O,.,.,.,3,1
PRT,1,1989,.,TOT,1,118483,O,.,.,.,3,1
PRT,1,1990,.,1,1,9955,O,.,.,.,3,1
PRT,1,1990,.,2,1,8490,O,.,.,.,3,1
PRT,1,1990,.,3,1,9614,O,.,.,.,3,1
PRT,1,1990,.,4,1,9434,O,.,.,.,3,1
PRT,1,1990,.,5,1,10341,O,.,.,.,3,1
PRT,1,1990,.,6,1,9775,O,.,.,.,3,1
PRT,1,1990,.,7,1,10192,O,.,.,.,3,1
PRT,1,1990,.,8,1,9951,O,.,.,.,3,1
PRT,1,1990,.,9,1,9893,O,.,.,.,3,1
PRT,1,1990,.,10,1,9762,O,.,.,.,3,1
PRT,1,1990,.,11,1,9445,O,.,.,.,3,1
PRT,1,1990,.,12,1,9469,O,.,.,.,3,1
PRT,1,1990,.,TOT,1,116321,O,.,.,.,3,1
PRT,1,1991,.,1,1,9771,O,.,.,.,3,1
PRT,1,1991,.,2,1,8423,O,.,.,.,3,1
PRT,1,1991,.,3,1,9680,O,.,.,.,3,1
PRT,1,1991,.,4,1,9328,O,.,.,.,3,1
PRT,1,1991,.,5,1,10406,O,.,.,.,3,1
PRT,1,1991,.,6,1,9599,O,.,.,.,3,1
PRT,1,1991,.,7,1,9992,O,.,.,.,3,1
PRT,1,1991,.,8,1,9958,O,.,.,.,3,1
PRT,1,1991,.,9,1,10362,O,.,.,.,3,1
PRT,1,1991,.,10,1,10132,O,.,.,.,3,1
PRT,1,1991,.,11,1,9248,O,.,.,.,3,1
PRT,1,1991,.,12,1,9400,O,.,.,.,3,1
PRT,1,1991,.,TOT,1,116299,O,.,.,.,3,1
PRT,1,1992,.,1,1,9494,O,.,.,.,3,1
PRT,1,1992,.,2,1,8826,O,.,.,.,3,1
PRT,1,1992,.,3,1,9437,O,.,.,.,3,1
PRT,1,1992,.,4,1,9226,O,.,.,.,3,1
PRT,1,1992,.,5,1,9885,O,.,.,.,3,1
PRT,1,1992,.,6,1,9279,O,.,.,.,3,1
PRT,1,1992,.,7,1,10137,O,.,.,.,3,1
PRT,1,1992,.,8,1,9766,O,.,.,.,3,1
PRT,1,1992,.,9,1,10146,O,.,.,.,3,1
PRT,1,1992,.,10,1,10029,O,.,.,.,3,1
PRT,1,1992,.,11,1,9440,O,.,.,.,3,1
PRT,1,1992,.,12,1,9259,O,.,.,.,3,1
PRT,1,1992,.,TOT,1,114924,O,.,.,.,3,1
PRT,1,1993,.,1,1,9582,O,.,.,.,3,1
PRT,1,1993,.,2,1,8419,O,.,.,.,3,1
PRT,1,1993,.,3,1,9792,O,.,.,.,3,1
PRT,1,1993,.,4,1,9332,O,.,.,.,3,1
PRT,1,1993,.,5,1,10025,O,.,.,.,3,1
PRT,1,1993,.,6,1,9460,O,.,.,.,3,1
PRT,1,1993,.,7,1,10191,O,.,.,.,3,1
PRT,1,1993,.,8,1,9632,O,.,.,.,3,1
PRT,1,1993,.,9,1,9795,O,.,.,.,3,1
PRT,1,1993,.,10,1,9707,O,.,.,.,3,1
PRT,1,1993,.,11,1,9049,O,.,.,.,3,1
PRT,1,1993,.,12,1,8976,O,.,.,.,3,1
PRT,1,1993,.,TOT,1,113960,O,.,.,.,3,1
PRT,1,1994,.,1,1,9022,O,.,.,.,3,1
PRT,1,1994,.,2,1,8092,O,.,.,.,3,1
PRT,1,1994,.,3,1,9168,O,.,.,.,3,1
PRT,1,1994,.,4,1,8959,O,.,.,.,3,1
PRT,1,1994,.,5,1,9796,O,.,.,.,3,1
PRT,1,1994,.,6,1,9357,O,.,.,.,3,1
PRT,1,1994,.,7,1,9509,O,.,.,.,3,1
PRT,1,1994,.,8,1,9440,O,.,.,.,3,1
PRT,1,1994,.,9,1,9093,O,.,.,.,3,1
PRT,1,1994,.,10,1,9109,O,.,.,.,3,1
PRT,1,1994,.,11,1,8885,O,.,.,.,3,1
PRT,1,1994,.,12,1,8797,O,.,.,.,3,1
PRT,1,1994,.,TOT,1,109227,O,.,.,.,3,1
PRT,1,1995,.,1,1,8898,O,.,.,.,3,1
PRT,1,1995,.,2,1,7716,O,.,.,.,3,1
PRT,1,1995,.,3,1,9176,O,.,.,.,3,1
PRT,1,1995,.,4,1,8854,O,.,.,.,3,1
PRT,1,1995,.,5,1,9686,O,.,.,.,3,1
PRT,1,1995,.,6,1,8992,O,.,.,.,3,1
PRT,1,1995,.,7,1,9348,O,.,.,.,3,1
PRT,1,1995,.,8,1,8936,O,.,.,.,3,1
PRT,1,1995,.,9,1,9126,O,.,.,.,3,1
PRT,1,1995,.,10,1,8952,O,.,.,.,3,1
PRT,1,1995,.,11,1,8577,O,.,.,.,3,1
PRT,1,1995,.,12,1,8836,O,.,.,.,3,1
PRT,1,1995,.,TOT,1,107097,O,.,.,.,3,1
PRT,1,1996,.,1,1,9032,O,.,.,.,3,1
PRT,1,1996,.,2,1,8377,O,.,.,.,3,1
PRT,1,1996,.,3,1,9169,O,.,.,.,3,1
PRT,1,1996,.,4,1,8918,O,.,.,.,3,1
PRT,1,1996,.,5,1,9605,O,.,.,.,3,1
PRT,1,1996,.,6,1,8736,O,.,.,.,3,1
PRT,1,1996,.,7,1,9343,O,.,.,.,3,1
PRT,1,1996,.,8,1,9157,O,.,.,.,3,1
PRT,1,1996,.,9,1,9475,O,.,.,.,3,1
PRT,1,1996,.,10,1,9739,O,.,.,.,3,1
PRT,1,1996,.,11,1,9413,O,.,.,.,3,1
PRT,1,1996,.,12,1,9297,O,.,.,.,3,1
PRT,1,1996,.,TOT,1,110261,O,.,.,.,3,1
PRT,1,1997,.,1,1,9539,O,.,.,.,3,1
PRT,1,1997,.,2,1,8551,O,.,.,.,3,1
PRT,1,1997,.,3,1,9176,O,.,.,.,3,1
PRT,1,1997,.,4,1,9309,O,.,.,.,3,1
PRT,1,1997,.,5,1,10208,O,.,.,.,3,1
PRT,1,1997,.,6,1,9485,O,.,.,.,3,1
PRT,1,1997,.,7,1,10190,O,.,.,.,3,1
PRT,1,1997,.,8,1,9289,O,.,.,.,3,1
PRT,1,1997,.,9,1,9634,O,.,.,.,3,1
PRT,1,1997,.,10,1,9435,O,.,.,.,3,1
PRT,1,1997,.,11,1,8910,O,.,.,.,3,1
PRT,1,1997,.,12,1,9207,O,.,.,.,3,1
PRT,1,1997,.,TOT,1,112933,O,.,.,.,3,1
PRT,1,1998,.,1,1,9403,O,.,.,.,3,1
PRT,1,1998,.,2,1,8424,O,.,.,.,3,1
PRT,1,1998,.,3,1,9625,O,.,.,.,3,1
PRT,1,1998,.,4,1,9491,O,.,.,.,3,1
PRT,1,1998,.,5,1,9537,O,.,.,.,3,1
PRT,1,1998,.,6,1,9429,O,.,.,.,3,1
PRT,1,1998,.,7,1,9562,O,.,.,.,3,1
PRT,1,1998,.,8,1,9498,O,.,.,.,3,1
PRT,1,1998,.,9,1,10151,O,.,.,.,3,1
PRT,1,1998,.,10,1,9659,O,.,.,.,3,1
PRT,1,1998,.,11,1,9314,O,.,.,.,3,1
PRT,1,1998,.,12,1,9291,O,.,.,.,3,1
PRT,1,1998,.,TOT,1,113384,O,.,.,.,3,1
PRT,1,1999,.,1,1,9534,O,.,.,.,3,1
PRT,1,1999,.,2,1,8241,O,.,.,.,3,1
PRT,1,1999,.,3,1,9621,O,.,.,.,3,1
PRT,1,1999,.,4,1,9371,O,.,.,.,3,1
PRT,1,1999,.,5,1,9906,O,.,.,.,3,1
PRT,1,1999,.,6,1,9428,O,.,.,.,3,1
PRT,1,1999,.,7,1,10108,O,.,.,.,3,1
PRT,1,1999,.,8,1,10000,O,.,.,.,3,1
PRT,1,1999,.,9,1,10344,O,.,.,.,3,1
PRT,1,1999,.,10,1,9917,O,.,.,.,3,1
PRT,1,1999,.,11,1,9701,O,.,.,.,3,1
PRT,1,1999,.,12,1,9831,O,.,.,.,3,1
PRT,1,1999,.,TOT,1,116002,O,.,.,.,3,1
PRT,1,2000,.,1,1,9825,O,.,.,.,3,1
PRT,1,2000,.,2,1,9214,O,.,.,.,3,1
PRT,1,2000,.,3,1,9667,O,.,.,.,3,1
PRT,1,2000,.,4,1,9563,O,.,.,.,3,1
PRT,1,2000,.,5,1,10366,O,.,.,.,3,1
PRT,1,2000,.,6,1,9756,O,.,.,.,3,1
PRT,1,2000,.,7,1,10254,O,.,.,.,3,1
PRT,1,2000,.,8,1,10545,O,.,.,.,3,1
PRT,1,2000,.,9,1,10561,O,.,.,.,3,1
PRT,1,2000,.,10,1,10677,O,.,.,.,3,1
PRT,1,2000,.,11,1,9934,O,.,.,.,3,1
PRT,1,2000,.,12,1,9646,O,.,.,.,3,1
PRT,1,2000,.,TOT,1,120008,O,.,.,.,3,1
PRT,1,2001,.,1,1,10133,O,.,.,.,3,1
PRT,1,2001,.,2,1,8582,O,.,.,.,3,1
PRT,1,2001,.,3,1,9545,O,.,.,.,3,1
PRT,1,2001,.,4,1,9129,O,.,.,.,3,1
PRT,1,2001,.,5,1,10212,O,.,.,.,3,1
PRT,1,2001,.,6,1,9055,O,.,.,.,3,1
PRT,1,2001,.,7,1,9790,O,.,.,.,3,1
PRT,1,2001,.,8,1,9683,O,.,.,.,3,1
PRT,1,2001,.,9,1,9528,O,.,.,.,3,1
PRT,1,2001,.,10,1,9549,O,.,.,.,3,1
PRT,1,2001,.,11,1,8827,O,.,.,.,3,1
PRT,1,2001,.,12,1,8741,O,.,.,.,3,1
PRT,1,2001,.,TOT,1,112774,O,.,.,.,3,1
PRT,1,2002,.,1,1,9378,O,.,.,.,3,1
PRT,1,2002,.,2,1,8328,O,.,.,.,3,1
PRT,1,2002,.,3,1,9299,O,.,.,.,3,1
PRT,1,2002,.,4,1,9055,O,.,.,.,3,1
PRT,1,2002,.,5,1,9788,O,.,.,.,3,1
PRT,1,2002,.,6,1,9200,O,.,.,.,3,1
PRT,1,2002,.,7,1,9932,O,.,.,.,3,1
PRT,1,2002,.,8,1,10040,O,.,.,.,3,1
PRT,1,2002,.,9,1,10353,O,.,.,.,3,1
PRT,1,2002,.,10,1,9987,O,.,.,.,3,1
PRT,1,2002,.,11,1,9148,O,.,.,.,3,1
PRT,1,2002,.,12,1,9875,O,.,.,.,3,1
PRT,1,2002,.,TOT,1,114383,O,.,.,.,3,1
PRT,1,2003,.,1,1,9778,O,.,.,.,3,1
PRT,1,2003,.,2,1,8784,O,.,.,.,3,1
PRT,1,2003,.,3,1,9265,O,.,.,.,3,1
PRT,1,2003,.,4,1,9081,O,.,.,.,3,1
PRT,1,2003,.,5,1,9915,O,.,.,.,3,1
PRT,1,2003,.,6,1,9226,O,.,.,.,3,1
PRT,1,2003,.,7,1,9548,O,.,.,.,3,1
PRT,1,2003,.,8,1,9310,O,.,.,.,3,1
PRT,1,2003,.,9,1,10018,O,.,.,.,3,1
PRT,1,2003,.,10,1,9727,O,.,.,.,3,1
PRT,1,2003,.,11,1,9024,O,.,.,.,3,1
PRT,1,2003,.,12,1,8839,O,.,.,.,3,1
PRT,1,2003,.,TOT,1,112515,O,.,.,.,3,1
PRT,1,2004,.,1,1,9280,O,.,.,.,3,1
PRT,1,2004,.,2,1,8439,O,.,.,.,3,1
PRT,1,2004,.,3,1,9310,O,.,.,.,3,1
PRT,1,2004,.,4,1,8740,O,.,.,.,3,1
PRT,1,2004,.,5,1,8887,O,.,.,.,3,1
PRT,1,2004,.,6,1,8641,O,.,.,.,3,1
PRT,1,2004,.,7,1,9431,O,.,.,.,3,1
PRT,1,2004,.,8,1,9218,O,.,.,.,3,1
PRT,1,2004,.,9,1,9962,O,.,.,.,3,1
PRT,1,2004,.,10,1,9355,O,.,.,.,3,1
PRT,1,2004,.,11,1,8929,O,.,.,.,3,1
PRT,1,2004,.,12,1,9106,O,.,.,.,3,1
PRT,1,2004,.,TOT,1,109298,O,.,.,.,3,1
PRT,1,2005,.,1,1,9087,O,.,.,.,3,1
PRT,1,2005,.,2,1,8351,O,.,.,.,3,1
PRT,1,2005,.,3,1,8793,O,.,.,.,3,1
PRT,1,2005,.,4,1,8615,O,.,.,.,3,1
PRT,1,2005,.,5,1,9054,O,.,.,.,3,1
PRT,1,2005,.,6,1,9032,O,.,.,.,3,1
PRT,1,2005,.,7,1,9297,O,.,.,.,3,1
PRT,1,2005,.,8,1,9798,O,.,.,.,3,1
PRT,1,2005,.,9,1,10018,O,.,.,.,3,1
PRT,1,2005,.,10,1,9296,O,.,.,.,3,1
PRT,1,2005,.,11,1,8990,O,.,.,.,3,1
PRT,1,2005,.,12,1,9068,O,.,.,.,3,1
PRT,1,2005,.,TOT,1,109399,O,.,.,.,3,1
PRT,1,2006,.,1,1,8828,O,.,.,.,3,1
PRT,1,2006,.,2,1,7993,O,.,.,.,3,1
PRT,1,2006,.,3,1,8733,O,.,.,.,3,1
PRT,1,2006,.,4,1,8214,O,.,.,.,3,1
PRT,1,2006,.,5,1,8827,O,.,.,.,3,1
PRT,1,2006,.,6,1,8529,O,.,.,.,3,1
PRT,1,2006,.,7,1,8882,O,.,.,.,3,1
PRT,1,2006,.,8,1,9094,O,.,.,.,3,1
PRT,1,2006,.,9,1,9531,O,.,.,.,3,1
PRT,1,2006,.,10,1,9506,O,.,.,.,3,1
PRT,1,2006,.,11,1,8932,O,.,.,.,3,1
PRT,1,2006,.,12,1,8380,O,.,.,.,3,1
PRT,1,2006,.,TOT,1,105449,O,.,.,.,3,1
PRT,1,2007,.,1,1,8325,O,.,.,.,3,1
PRT,1,2007,.,2,1,7456,O,.,.,.,3,1
PRT,1,2007,.,3,1,8387,O,.,.,.,3,1
PRT,1,2007,.,4,1,7985,O,.,.,.,3,1
PRT,1,2007,.,5,1,8616,O,.,.,.,3,1
PRT,1,2007,.,6,1,8328,O,.,.,.,3,1
PRT,1,2007,.,7,1,8974,O,.,.,.,3,1
PRT,1,2007,.,8,1,8959,O,.,.,.,3,1
PRT,1,2007,.,9,1,9473,O,.,.,.,3,1
PRT,1,2007,.,10,1,9031,O,.,.,.,3,1
PRT,1,2007,.,11,1,8442,O,.,.,.,3,1
PRT,1,2007,.,12,1,8516,O,.,.,.,3,1
PRT,1,2007,.,TOT,1,102492,O,.,.,.,3,1
PRT,1,2008,.,1,1,8745,O,.,.,.,3,1
PRT,1,2008,.,2,1,7628,O,.,.,.,3,1
PRT,1,2008,.,3,1,8207,O,.,.,.,3,1
PRT,1,2008,.,4,1,8417,O,.,.,.,3,1
PRT,1,2008,.,5,1,8714,O,.,.,.,3,1
PRT,1,2008,.,6,1,8275,O,.,.,.,3,1
PRT,1,2008,.,7,1,9260,O,.,.,.,3,1
PRT,1,2008,.,8,1,9126,O,.,.,.,3,1
PRT,1,2008,.,9,1,9743,O,.,.,.,3,1
PRT,1,2008,.,10,1,9412,O,.,.,.,3,1
PRT,1,2008,.,11,1,8489,O,.,.,.,3,1
PRT,1,2008,.,12,1,8578,O,.,.,.,3,1
PRT,1,2008,.,TOT,1,104594,O,.,.,.,3,1
PRT,1,2009,.,1,1,8268,O,.,.,.,3,1
PRT,1,2009,.,2,1,7219,O,.,.,.,3,1
PRT,1,2009,.,3,1,8251,O,.,.,.,3,1
PRT,1,2009,.,4,1,7829,O,.,.,.,3,1
PRT,1,2009,.,5,1,8374,O,.,.,.,3,1
PRT,1,2009,.,6,1,7916,O,.,.,.,3,1
PRT,1,2009,.,7,1,8520,O,.,.,.,3,1
PRT,1,2009,.,8,1,8650,O,.,.,.,3,1
PRT,1,2009,.,9,1,9153,O,.,.,.,3,1
PRT,1,2009,.,10,1,8565,O,.,.,.,3,1
PRT,1,2009,.,11,1,8298,O,.,.,.,3,1
PRT,1,2009,.,12,1,8448,O,.,.,.,3,1
PRT,1,2009,.,TOT,1,99491,O,.,.,.,3,1
PRT,1,2010,.,1,1,7855,O,.,.,.,3,1
PRT,1,2010,.,2,1,7114,O,.,.,.,3,1
PRT,1,2010,.,3,1,8286,O,.,.,.,3,1
PRT,1,2010,.,4,1,7977,O,.,.,.,3,1
PRT,1,2010,.,5,1,8332,O,.,.,.,3,1
PRT,1,2010,.,6,1,8231,O,.,.,.,3,1
PRT,1,2010,.,7,1,8648,O,.,.,.,3,1
PRT,1,2010,.,8,1,8590,O,.,.,.,3,1
PRT,1,2010,.,9,1,9537,O,.,.,.,3,1
PRT,1,2010,.,10,1,9170,O,.,.,.,3,1
PRT,1,2010,.,11,1,8748,O,.,.,.,3,1
PRT,1,2010,.,12,1,8893,O,.,.,.,3,1
PRT,1,2010,.,TOT,1,101381,O,.,.,.,3,1
PRT,1,2011,.,1,1,8282,O,.,.,.,3,1
PRT,1,2011,.,2,1,7542,O,.,.,.,3,1
PRT,1,2011,.,3,1,8084,O,.,.,.,3,1
PRT,1,2011,.,4,1,7449,O,.,.,.,3,1
PRT,1,2011,.,5,1,8346,O,.,.,.,3,1
PRT,1,2011,.,6,1,7952,O,.,.,.,3,1
PRT,1,2011,.,7,1,8573,O,.,.,.,3,1
PRT,1,2011,.,8,1,8467,O,.,.,.,3,1
PRT,1,2011,.,9,1,8554,O,.,.,.,3,1
PRT,1,2011,.,10,1,7894,O,.,.,.,3,1
PRT,1,2011,.,11,1,7872,O,.,.,.,3,1
PRT,1,2011,.,12,1,7841,O,.,.,.,3,1
PRT,1,2011,.,TOT,1,96856,O,.,.,.,3,1
PRT,1,2012,.,1,1,7636,O,.,.,.,3,1
PRT,1,2012,.,2,1,6753,O,.,.,.,3,1
PRT,1,2012,.,3,1,7354,O,.,.,.,3,1
PRT,1,2012,.,4,1,7178,O,.,.,.,3,1
PRT,1,2012,.,5,1,7773,O,.,.,.,3,1
PRT,1,2012,.,6,1,7105,O,.,.,.,3,1
PRT,1,2012,.,7,1,7676,O,.,.,.,3,1
PRT,1,2012,.,8,1,7866,O,.,.,.,3,1
PRT,1,2012,.,9,1,7979,O,.,.,.,3,1
PRT,1,2012,.,10,1,7878,O,.,.,.,3,1
PRT,1,2012,.,11,1,7538,O,.,.,.,3,1
PRT,1,2012,.,12,1,7105,O,.,.,.,3,1
PRT,1,2012,.,TOT,1,89841,O,.,.,.,3,1
PRT,1,2013,.,1,1,7232,O,.,.,.,6,1
PRT,1,2013,.,2,1,6080,O,.,.,.,6,1
PRT,1,2013,.,3,1,6700,O,.,.,.,6,1
PRT,1,2013,.,4,1,6529,O,.,.,.,6,1
PRT,1,2013,.,5,1,7115,O,.,.,.,6,1
PRT,1,2013,.,6,1,6596,O,.,.,.,6,1
PRT,1,2013,.,7,1,6953,O,.,.,.,6,1
PRT,1,2013,.,8,1,7258,O,.,.,.,6,1
PRT,1,2013,.,9,1,7522,O,.,.,.,6,1
PRT,1,2013,.,10,1,7344,O,.,.,.,6,1
PRT,1,2013,.,11,1,6631,O,.,.,.,6,1
PRT,1,2013,.,12,1,6827,O,.,.,.,6,1
PRT,1,2013,.,TOT,1,82787,O,.,.,.,6,1
PRT,1,2014,.,1,1,6759,O,.,.,.,6,1
PRT,1,2014,.,2,1,5992,O,.,.,.,6,1
PRT,1,2014,.,3,1,6501,O,.,.,.,6,1
PRT,1,2014,.,4,1,6269,O,.,.,.,6,1
PRT,1,2014,.,5,1,6889,O,.,.,.,6,1
PRT,1,2014,.,6,1,6398,O,.,.,.,6,1
PRT,1,2014,.,7,1,7253,O,.,.,.,6,1
PRT,1,2014,.,8,1,7274,O,.,.,.,6,1
PRT,1,2014,.,9,1,7741,O,.,.,.,6,1
PRT,1,2014,.,10,1,7298,O,.,.,.,6,1
PRT,1,2014,.,11,1,6982,O,.,.,.,6,1
PRT,1,2014,.,12,1,7011,O,.,.,.,6,1
PRT,1,2014,.,TOT,1,82367,O,.,.,.,6,1
PRT,1,2015,.,1,1,6978,O,.,.,.,6,1
PRT,1,2015,.,2,1,6045,O,.,.,.,6,1
PRT,1,2015,.,3,1,6853,O,.,.,.,6,1
PRT,1,2015,.,4,1,6689,O,.,.,.,6,1
PRT,1,2015,.,5,1,7212,O,.,.,.,6,1
PRT,1,2015,.,6,1,6742,O,.,.,.,6,1
PRT,1,2015,.,7,1,7512,O,.,.,.,6,1
PRT,1,2015,.,8,1,7390,O,.,.,.,6,1
PRT,1,2015,.,9,1,8107,O,.,.,.,6,1
PRT,1,2015,.,10,1,7413,O,.,.,.,6,1
PRT,1,2015,.,11,1,7180,O,.,.,.,6,1
PRT,1,2015,.,12,1,7379,O,.,.,.,6,1
PRT,1,2015,.,TOT,1,85500,O,.,.,.,6,1
PRT,1,2016,.,1,1,7049,O,.,.,.,7,1
PRT,1,2016,.,2,1,6528,O,.,.,.,7,1
PRT,1,2016,.,3,1,6980,O,.,.,.,7,1
PRT,1,2016,.,4,1,6919,O,.,.,.,7,1
PRT,1,2016,.,5,1,7464,O,.,.,.,7,1
PRT,1,2016,.,6,1,7343,O,.,.,.,7,1
PRT,1,2016,.,7,1,7513,O,.,.,.,7,1
PRT,1,2016,.,8,1,7596,O,.,.,.,7,1
PRT,1,2016,.,9,1,8053,O,.,.,.,7,1
PRT,1,2016,.,10,1,7509,O,.,.,.,7,1
PRT,1,2016,.,11,1,7114,O,.,.,.,7,1
PRT,1,2016,.,12,1,7058,O,.,.,.,7,1
PRT,1,2016,.,TOT,1,87126,O,.,.,.,7,1
PRT,1,2017,.,1,1,7096,O,.,.,.,7,1
PRT,1,2017,.,2,1,6322,O,.,.,.,7,1
PRT,1,2017,.,3,1,7094,O,.,.,.,7,1
PRT,1,2017,.,4,1,6664,O,.,.,.,7,1
PRT,1,2017,.,5,1,7228,O,.,.,.,7,1
PRT,1,2017,.,6,1,6903,O,.,.,.,7,1
PRT,1,2017,.,7,1,7484,O,.,.,.,7,1
PRT,1,2017,.,8,1,7284,O,.,.,.,7,1
PRT,1,2017,.,9,1,7552,O,.,.,.,7,1
PRT,1,2017,.,10,1,7740,O,.,.,.,7,1
PRT,1,2017,.,11,1,7604,O,.,.,.,7,1
PRT,1,2017,.,12,1,7183,O,.,.,.,7,1
PRT,1,2017,.,TOT,1,86154,O,.,.,.,7,1
PRT,1,2018,.,1,1,7169,O,.,.,.,7,1
PRT,1,2018,.,2,1,6182,O,.,.,.,7,1
PRT,1,2018,.,3,1,6796,O,.,.,.,7,1
PRT,1,2018,.,4,1,6720,O,.,.,.,7,1
PRT,1,2018,.,5,1,7525,O,.,.,.,7,1
PRT,1,2018,.,6,1,7057,O,.,.,.,7,1
PRT,1,2018,.,7,1,7354,O,.,.,.,7,1
PRT,1,2018,.,8,1,7864,O,.,.,.,7,1
PRT,1,2018,.,9,1,7849,O,.,.,.,7,1
PRT,1,2018,.,10,1,7868,O,.,.,.,7,1
PRT,1,2018,.,11,1,7339,O,.,.,.,7,1
PRT,1,2018,.,12,1,7297,O,.,.,.,7,1
PRT,1,2018,.,TOT,1,87020,O,.,.,.,7,1
PRT,1,2019,.,1,1,7266,O,.,.,.,9,1
PRT,1,2019,.,2,1,6404,O,.,.,.,9,1
PRT,1,2019,.,3,1,6941,O,.,.,.,9,1
PRT,1,2019,.,4,1,6782,O,.,.,.,9,1
PRT,1,2019,.,5,1,7194,O,.,.,.,9,1
PRT,1,2019,.,6,1,6768,O,.,.,.,9,1
PRT,1,2019,.,7,1,7597,O,.,.,.,9,1
PRT,1,2019,.,8,1,7624,O,.,.,.,9,1
PRT,1,2019,.,9,1,8006,O,.,.,.,9,1
PRT,1,2019,.,10,1,7830,O,.,.,.,9,1
PRT,1,2019,.,11,1,7233,O,.,.,.,9,1
PRT,1,2019,.,12,1,6934,O,.,.,.,9,1
PRT,1,2019,.,TOT,1,86579,O,.,.,.,9,1
PRT,1,2020,.,1,1,7301,O,.,.,.,10,1
PRT,1,2020,.,2,1,6328,O,.,.,.,10,1
PRT,1,2020,.,3,1,7129,O,.,.,.,10,1
PRT,1,2020,.,4,1,6921,O,.,.,.,10,1
PRT,1,2020,.,5,1,7220,O,.,.,.,10,1
PRT,1,2020,.,6,1,6813,O,.,.,.,10,1
PRT,1,2020,.,7,1,7432,O,.,.,.,10,1
PRT,1,2020,.,8,1,7207,O,.,.,.,10,1
PRT,1,2020,.,9,1,7652,O,.,.,.,10,1
PRT,1,2020,.,10,1,7385,O,.,.,.,10,1
PRT,1,2020,.,11,1,6846,O,.,.,.,10,1
PRT,1,2020,.,12,1,6296,O,.,.,.,10,1
PRT,1,2020,.,TOT,1,84530,O,.,.,.,10,1
PRT,1,2021,.,1,1,5989,O,.,.,.,10,1
PRT,1,2021,.,2,1,5719,O,.,.,.,10,1
PRT,1,2021,.,3,1,6635,O,.,.,.,10,1
PRT,1,2021,.,4,1,6289,O,.,.,.,10,1
PRT,1,2021,.,5,1,6796,O,.,.,.,10,1
PRT,1,2021,.,6,1,6529,O,.,.,.,10,1
PRT,1,2021,.,7,1,6989,O,.,.,.,10,1
PRT,1,2021,.,8,1,7145,O,.,.,.,10,1
PRT,1,2021,.,9,1,7223,O,.,.,.,10,1
PRT,1,2021,.,10,1,6819,O,.,.,.,10,1
PRT,1,2021,.,11,1,6549,O,.,.,.,10,1
PRT,1,2021,.,12,1,6900,O,.,.,.,10,1
PRT,1,2021,.,TOT,1,79582,O,.,.,.,10,1